grid_id,grid_lat,grid_lon,date,fire_count,avg_brightness,avg_frp,max_frp,baseline_mean,baseline_std,z_score,is_anomaly
36.0_30.0,36.0,30.0,2026-09-06,4,334.925,6.655,12.55,,,,False
36.0_32.25,36.0,32.25,2026-09-07,1,334.85,1.33,1.33,,,,False
36.0_33.0,36.0,33.0,2026-09-08,5,355.736,73.252,76.76,,,,False
36.0_33.0,36.0,33.0,2026-09-09,3,310.59666666666664,2.4466666666666668,3.3,5.0,,,False
36.25_29.25,36.25,29.25,2026-08-29,147,351.69156462585033,50.03102040816327,222.3,,,,False
36.25_29.25,36.25,29.25,2026-08-30,5,305.134,1.226,1.63,147.0,,,False
36.25_30.0,36.25,30.0,2026-09-01,1,336.2,2.0,2.0,,,,False
36.25_30.0,36.25,30.0,2026-09-06,3,330.4633333333333,7.793333333333334,12.55,1.0,,,False
36.25_30.25,36.25,30.25,2026-09-06,1,316.58,1.06,1.06,,,,False
36.25_30.25,36.25,30.25,2026-09-09,4,311.8,1.39,1.98,1.0,,,False
36.25_33.5,36.25,33.5,2026-08-26,1,316.98,1.66,1.66,,,,False
36.25_33.5,36.25,33.5,2026-08-31,1,311.88,1.81,1.81,1.0,,,False
36.25_33.5,36.25,33.5,2026-09-01,2,307.83500000000004,1.0,1.0,1.0,0.0,,False
36.25_33.5,36.25,33.5,2026-09-05,2,305.75,1.715,2.13,1.3333333333333333,0.5773502691896258,1.1547005383792515,False
36.25_33.5,36.25,33.5,2026-09-06,1,311.88,1.94,1.94,1.5,0.5773502691896257,-0.8660254037844387,False
36.25_36.25,36.25,36.25,2026-08-27,2,342.615,10.37,11.37,,,,False
36.25_36.25,36.25,36.25,2026-08-31,2,338.04,10.83,12.05,2.0,,,False
36.25_36.25,36.25,36.25,2026-09-09,1,350.59,8.08,8.08,2.0,0.0,,False
36.5_33.5,36.5,33.5,2026-09-05,5,356.872,10.386,13.23,,,,False
36.5_35.0,36.5,35.0,2026-08-27,4,343.79,7.895,9.22,,,,False
36.5_35.25,36.5,35.25,2026-09-02,1,341.69,5.1,5.1,,,,False
36.5_35.25,36.5,35.25,2026-09-08,1,349.22,4.92,4.92,1.0,,,False
36.5_35.5,36.5,35.5,2026-08-30,1,333.26,1.59,1.59,,,,False
36.5_35.5,36.5,35.5,2026-09-01,1,334.32,3.62,3.62,1.0,,,False
36.5_35.5,36.5,35.5,2026-09-05,1,348.75,9.46,9.46,1.0,0.0,,False
36.5_35.5,36.5,35.5,2026-09-06,2,332.835,4.76,5.12,1.0,0.0,,False
36.5_36.0,36.5,36.0,2026-08-30,7,319.2914285714286,2.3857142857142857,4.77,,,,False
36.5_36.0,36.5,36.0,2026-08-31,7,319.11571428571426,2.9057142857142857,5.0,7.0,,,False
36.5_36.0,36.5,36.0,2026-09-01,1,332.36,5.6,5.6,7.0,0.0,,False
36.5_36.0,36.5,36.0,2026-09-03,1,346.39,6.36,6.36,5.0,3.4641016151377544,-1.1547005383792517,False
36.5_36.0,36.5,36.0,2026-09-04,3,316.25666666666666,4.66,6.07,4.0,3.4641016151377544,-0.2886751345948129,False
36.5_36.0,36.5,36.0,2026-09-05,1,345.27,5.82,5.82,3.8,3.03315017762062,-0.9231326627541018,False
36.5_36.0,36.5,36.0,2026-09-06,3,310.05333333333334,3.1533333333333338,4.53,3.3333333333333335,2.943920288775949,-0.11322770341445963,False
36.5_36.0,36.5,36.0,2026-09-08,1,343.71,4.24,4.24,3.2857142857142856,2.690370836538197,-0.8495907904857464,False
36.5_36.0,36.5,36.0,2026-09-09,2,325.54,3.48,3.79,3.0,2.6186146828319083,-0.3818813079129867,False
36.5_36.25,36.5,36.25,2026-08-27,4,344.0625,8.58,15.58,,,,False
36.5_36.25,36.5,36.25,2026-08-31,1,333.81,3.17,3.17,4.0,,,False
36.5_36.25,36.5,36.25,2026-09-01,2,338.945,6.795,7.87,2.5,2.1213203435596424,-0.23570226039551587,False
36.5_36.25,36.5,36.25,2026-09-02,2,340.555,2.67,3.51,2.3333333333333335,1.5275252316519468,-0.21821789023599247,False
36.5_36.25,36.5,36.25,2026-09-08,1,344.28,4.58,4.58,2.25,1.2583057392117916,-0.9933992677987828,False
36.75_30.5,36.75,30.5,2026-08-29,4,334.08750000000003,5.475,8.37,,,,False
36.75_30.5,36.75,30.5,2026-09-07,1,344.87,7.78,7.78,4.0,,,False
36.75_30.75,36.75,30.75,2026-09-02,1,337.43,1.81,1.81,,,,False
36.75_30.75,36.75,30.75,2026-09-07,1,349.02,9.92,9.92,1.0,,,False
36.75_31.0,36.75,31.0,2026-08-26,1,340.05,2.5,2.5,,,,False
36.75_31.0,36.75,31.0,2026-09-02,1,339.3,3.61,3.61,1.0,,,False
36.75_31.0,36.75,31.0,2026-09-08,8,329.9075,7.68875,10.29,1.0,0.0,,False
36.75_32.0,36.75,32.0,2026-09-05,1,340.79,3.55,3.55,,,,False
36.75_32.0,36.75,32.0,2026-09-09,1,344.24,4.54,4.54,1.0,,,False
36.75_32.25,36.75,32.25,2026-09-08,1,335.08,1.36,1.36,,,,False
36.75_34.75,36.75,34.75,2026-08-31,1,308.71,1.53,1.53,,,,False
36.75_34.75,36.75,34.75,2026-09-05,1,350.35,7.57,7.57,1.0,,,False
36.75_34.75,36.75,34.75,2026-09-08,1,343.53,2.63,2.63,1.0,0.0,,False
36.75_35.0,36.75,35.0,2026-08-27,2,344.78,5.135,5.62,,,,False
36.75_35.0,36.75,35.0,2026-09-05,1,333.1,2.25,2.25,2.0,,,False
36.75_35.0,36.75,35.0,2026-09-07,1,340.08,3.71,3.71,1.5,0.7071067811865476,-0.7071067811865475,False
36.75_35.0,36.75,35.0,2026-09-08,3,356.62000000000006,25.92,66.42,1.3333333333333333,0.5773502691896257,2.886751345948129,False
36.75_35.25,36.75,35.25,2026-08-27,4,347.09000000000003,32.53,32.53,,,,False
36.75_35.25,36.75,35.25,2026-09-01,1,356.87,7.04,7.04,4.0,,,False
36.75_35.25,36.75,35.25,2026-09-04,1,334.06,5.3,5.3,2.5,2.1213203435596424,-0.7071067811865476,False
36.75_35.25,36.75,35.25,2026-09-05,4,352.8175,7.672499999999999,17.45,2.0,1.7320508075688772,1.1547005383792517,False
36.75_35.25,36.75,35.25,2026-09-06,3,339.08,6.833333333333333,8.4,2.5,1.7320508075688772,0.2886751345948129,False
36.75_35.25,36.75,35.25,2026-09-07,1,342.44,7.65,7.65,2.6,1.51657508881031,-1.0550087574332594,False
36.75_35.25,36.75,35.25,2026-09-09,3,340.3833333333334,5.536666666666666,7.01,2.3333333333333335,1.505545305418162,0.4428074427700475,False
36.75_35.5,36.75,35.5,2026-09-06,2,335.865,4.4350000000000005,5.41,,,,False
36.75_35.75,36.75,35.75,2026-08-30,2,344.385,5.535,6.63,,,,False
36.75_35.75,36.75,35.75,2026-09-09,1,347.74,9.37,9.37,2.0,,,False
36.75_38.5,36.75,38.5,2026-08-26,2,353.07,10.06,13.94,,,,False
36.75_38.5,36.75,38.5,2026-09-02,3,347.8033333333333,8.436666666666666,12.45,2.0,,,False
36.75_38.5,36.75,38.5,2026-09-06,1,337.81,2.81,2.81,2.5,0.7071067811865476,-2.1213203435596424,False
36.75_39.0,36.75,39.0,2026-09-06,2,335.21500000000003,1.82,2.16,,,,False
36.75_39.25,36.75,39.25,2026-08-31,1,342.59,2.88,2.88,,,,False
37.0_30.5,37.0,30.5,2026-09-09,5,349.206,23.144,42.35,,,,False
37.0_30.75,37.0,30.75,2026-08-26,2,343.71000000000004,31.85,49.94,,,,False
37.0_30.75,37.0,30.75,2026-09-01,1,342.22,4.49,4.49,2.0,,,False
37.0_30.75,37.0,30.75,2026-09-08,50,325.6946,7.2658,38.31,1.5,0.7071067811865476,68.58935777509511,True
37.0_30.75,37.0,30.75,2026-09-09,8,326.11125,15.95125,65.0,17.666666666666668,28.00595174839329,-0.3451647261807929,False
37.0_31.25,37.0,31.25,2026-08-30,6,357.81666666666666,11.021666666666668,16.52,,,,False
37.0_31.25,37.0,31.25,2026-08-31,2,304.71500000000003,1.02,1.2,6.0,,,False
37.0_33.75,37.0,33.75,2026-09-01,1,341.27,3.73,3.73,,,,False
37.0_35.0,37.0,35.0,2026-08-31,2,334.71000000000004,1.62,1.65,,,,False
37.0_35.0,37.0,35.0,2026-09-06,1,336.55,5.0,5.0,2.0,,,False
37.0_35.5,37.0,35.5,2026-08-31,2,306.885,1.325,1.83,,,,False
37.0_35.75,37.0,35.75,2026-08-26,2,329.22,3.745,6.31,,,,False
37.0_35.75,37.0,35.75,2026-08-27,1,339.3,3.08,3.08,2.0,,,False
37.0_35.75,37.0,35.75,2026-08-30,6,346.24,20.261666666666667,51.13,1.5,0.7071067811865476,6.363961030678928,True
37.0_35.75,37.0,35.75,2026-08-31,3,353.81666666666666,7.12,8.5,3.0,2.6457513110645907,0.0,False
37.0_35.75,37.0,35.75,2026-09-01,2,342.275,8.16,8.16,3.0,2.160246899469287,-0.4629100498862757,False
37.0_35.75,37.0,35.75,2026-09-02,1,346.38,17.43,17.43,2.8,1.9235384061671346,-0.9357754408380653,False
37.0_35.75,37.0,35.75,2026-09-03,14,348.4207142857143,10.937142857142858,53.73,2.5,1.8708286933869707,6.147008563985761,True
37.0_35.75,37.0,35.75,2026-09-04,8,343.075,12.11875,19.58,4.142857142857143,4.6700667885506535,0.8259288425166,False
37.0_35.75,37.0,35.75,2026-09-05,49,348.1463265306122,9.556122448979592,35.69,4.625,4.533604683755678,9.788017062669734,True
37.0_35.75,37.0,35.75,2026-09-06,47,343.5508510638298,12.888297872340424,76.34,9.555555555555555,15.387585183445054,2.43341914914171,False
37.0_35.75,37.0,35.75,2026-09-07,45,344.7333333333333,18.088,83.37,13.3,18.726392545756852,1.6927980080809955,False
37.0_35.75,37.0,35.75,2026-09-08,10,349.468,6.478,11.19,16.181818181818183,20.17333974243324,-0.3064350405409151,False
37.0_35.75,37.0,35.75,2026-09-09,4,334.945,5.6175,9.47,15.666666666666666,19.317130096148215,-0.6039544491649392,False
37.0_36.0,37.0,36.0,2026-08-30,17,345.40352941176474,9.648235294117647,18.71,,,,False
37.0_36.0,37.0,36.0,2026-08-31,22,346.0309090909091,12.00090909090909,140.22,17.0,,,False
37.0_36.0,37.0,36.0,2026-09-01,20,344.1185,9.936,49.94,19.5,3.5355339059327378,0.1414213562373095,False
37.0_36.0,37.0,36.0,2026-09-02,16,347.499375,14.641875,54.3,19.666666666666668,2.516611478423583,-1.4569855927715487,False
37.0_36.0,37.0,36.0,2026-09-03,20,344.5485,7.715000000000001,19.96,18.75,2.753785273643051,0.4539206495016018,False
37.0_36.0,37.0,36.0,2026-09-04,26,341.0323076923077,9.420384615384616,29.27,19.0,2.449489742783178,2.8577380332470415,False
37.0_36.0,37.0,36.0,2026-09-05,101,348.9449504950495,13.725940594059406,44.05,20.166666666666668,3.600925806881706,22.447930801254852,True
37.0_36.0,37.0,36.0,2026-09-06,40,338.99375,4.83625,19.36,31.714285714285715,30.72845741715804,0.2696430274136618,False
37.0_36.0,37.0,36.0,2026-09-07,12,346.0758333333333,10.590833333333334,18.8,32.75,28.599450544172544,-0.7255384143814624,False
37.0_36.0,37.0,36.0,2026-09-08,8,345.9075,5.4775,11.1,30.444444444444443,27.63200640159483,-0.8122625667584176,False
37.0_36.0,37.0,36.0,2026-09-09,8,336.66875,11.47875,30.86,28.2,27.001234539677377,-0.7481139416168843,False
37.0_36.25,37.0,36.25,2026-09-03,1,344.05,4.91,4.91,,,,False
37.0_36.25,37.0,36.25,2026-09-09,2,344.17,5.15,5.15,1.0,,,False
37.0_36.75,37.0,36.75,2026-08-30,1,341.65,3.72,3.72,,,,False
37.0_36.75,37.0,36.75,2026-09-06,1,346.59,2.6,2.6,1.0,,,False
37.0_37.25,37.0,37.25,2026-09-05,1,301.75,0.32,0.32,,,,False
37.0_38.25,37.0,38.25,2026-09-01,1,344.69,5.89,5.89,,,,False
37.0_38.25,37.0,38.25,2026-09-06,2,332.44,2.915,3.29,1.0,,,False
37.0_38.5,37.0,38.5,2026-09-06,2,354.535,6.415,6.89,,,,False
37.0_39.0,37.0,39.0,2026-09-01,2,345.06,5.19,5.2,,,,False
37.0_39.25,37.0,39.25,2026-09-01,1,335.71,6.02,6.02,,,,False
37.0_39.5,37.0,39.5,2026-08-26,1,367.0,11.52,11.52,,,,False
37.0_39.5,37.0,39.5,2026-08-29,1,344.35,2.72,2.72,1.0,,,False
37.0_39.75,37.0,39.75,2026-09-05,1,347.09,6.63,6.63,,,,False
37.0_39.75,37.0,39.75,2026-09-07,1,367.0,12.96,12.96,1.0,,,False
37.0_40.0,37.0,40.0,2026-08-29,1,348.53,8.04,8.04,,,,False
37.0_40.0,37.0,40.0,2026-09-02,1,338.91,13.2,13.2,1.0,,,False
37.0_40.25,37.0,40.25,2026-09-07,2,337.04,4.09,4.96,,,,False
37.0_40.5,37.0,40.5,2026-09-04,1,350.63,7.92,7.92,,,,False
37.0_41.0,37.0,41.0,2026-09-05,1,330.94,4.08,4.08,,,,False
37.0_42.0,37.0,42.0,2026-09-01,3,340.73,4.44,7.42,,,,False
37.25_30.0,37.25,30.0,2026-09-06,1,300.62,0.62,0.62,,,,False
37.25_30.25,37.25,30.25,2026-08-26,1,317.66,2.17,2.17,,,,False
37.25_30.25,37.25,30.25,2026-08-29,1,305.04,0.98,0.98,1.0,,,False
37.25_30.25,37.25,30.25,2026-08-30,1,308.36,1.72,1.72,1.0,0.0,,False
37.25_30.25,37.25,30.25,2026-08-31,3,328.17,4.513333333333333,5.81,1.0,0.0,,False
37.25_30.25,37.25,30.25,2026-09-01,2,307.255,1.295,2.23,1.5,1.0,0.5,False
37.25_30.25,37.25,30.25,2026-09-05,1,305.53,1.09,1.09,1.6,0.8944271909999159,-0.670820393249937,False
37.25_30.25,37.25,30.25,2026-09-06,1,300.93,0.95,0.95,1.5,0.8366600265340756,-0.5976143046671968,False
37.25_30.25,37.25,30.25,2026-09-09,2,305.92499999999995,0.81,0.99,1.4285714285714286,0.7867957924694432,0.7262730392025628,False
37.25_31.25,37.25,31.25,2026-08-30,2,343.2,15.59,19.26,,,,False
37.25_32.0,37.25,32.0,2026-09-03,1,340.02,3.79,3.79,,,,False
37.25_32.0,37.25,32.0,2026-09-04,1,339.58,12.53,12.53,1.0,,,False
37.25_32.5,37.25,32.5,2026-09-01,1,341.03,3.03,3.03,,,,False
37.25_35.25,37.25,35.25,2026-09-09,17,325.58529411764704,9.90470588235294,33.54,,,,False
37.25_35.5,37.25,35.5,2026-09-01,1,350.67,24.15,24.15,,,,False
37.25_35.5,37.25,35.5,2026-09-03,2,351.30499999999995,7.795,8.5,1.0,,,False
37.25_35.5,37.25,35.5,2026-09-05,1,334.06,2.15,2.15,1.5,0.7071067811865476,-0.7071067811865475,False
37.25_35.5,37.25,35.5,2026-09-08,34,349.645,24.558235294117647,168.32,1.3333333333333333,0.5773502691896257,56.58032638058332,True
37.25_35.5,37.25,35.5,2026-09-09,33,329.589696969697,11.18939393939394,64.17,9.5,16.34013463836819,1.4381766442009458,False
37.25_35.75,37.25,35.75,2026-08-27,17,347.84411764705885,8.86235294117647,15.34,,,,False
37.25_35.75,37.25,35.75,2026-08-30,2,347.035,7.51,8.54,17.0,,,False
37.25_35.75,37.25,35.75,2026-08-31,9,347.46,5.267777777777778,8.3,9.5,10.606601717798213,-0.04714045207910317,False
37.25_35.75,37.25,35.75,2026-09-01,12,346.91333333333336,11.265,27.82,9.333333333333334,7.505553499465135,0.35529247334746195,False
37.25_35.75,37.25,35.75,2026-09-02,2,346.51,8.0,8.65,10.0,6.27162924074226,-1.2755856082865613,False
37.25_35.75,37.25,35.75,2026-09-03,12,349.6091666666667,10.13,22.34,8.4,6.5038450166036395,0.553518724817331,False
37.25_35.75,37.25,35.75,2026-09-04,13,341.9053846153846,6.920000000000001,11.86,9.0,6.0,0.6666666666666666,False
37.25_35.75,37.25,35.75,2026-09-05,35,346.09,8.197428571428572,48.65,9.571428571428571,5.68205194324324,4.475244450872995,True
37.25_35.75,37.25,35.75,2026-09-06,46,341.09869565217394,8.69608695652174,19.45,12.75,10.41633332799983,3.1921021489031736,True
37.25_35.75,37.25,35.75,2026-09-07,46,346.4160869565217,23.949782608695653,130.72,16.444444444444443,14.757295747452437,2.002775851439974,False
37.25_35.75,37.25,35.75,2026-09-08,7,350.2057142857143,6.767142857142857,9.68,19.4,16.761065996330107,-0.7398097473463217,False
37.25_35.75,37.25,35.75,2026-09-09,8,343.7875,21.4275,42.82,18.272727272727273,16.33457014488541,-0.6288948641812783,False
37.25_36.0,37.25,36.0,2026-09-02,1,347.53,24.24,24.24,,,,False
37.25_36.0,37.25,36.0,2026-09-03,3,357.62000000000006,11.553333333333333,16.92,1.0,,,False
37.25_36.0,37.25,36.0,2026-09-04,2,342.005,6.73,9.67,2.0,1.4142135623730951,0.0,False
37.25_36.0,37.25,36.0,2026-09-05,13,348.3184615384616,10.52846153846154,17.47,2.0,1.0,11.0,True
37.25_36.0,37.25,36.0,2026-09-06,28,344.7475,10.167857142857144,75.7,4.75,5.560275772537426,4.18144727907801,True
37.25_36.0,37.25,36.0,2026-09-07,13,349.16692307692307,16.412307692307692,32.6,9.4,11.458621208504974,0.3141739249856657,False
37.25_36.0,37.25,36.0,2026-09-08,4,348.9525,12.329999999999998,19.97,10.0,10.353743284435827,-0.5795005569646918,False
37.25_36.0,37.25,36.0,2026-09-09,3,349.7966666666667,9.523333333333332,16.82,9.142857142857142,9.719886340703294,-0.6319885775961315,False
37.25_36.25,37.25,36.25,2026-09-09,2,306.375,2.765,3.31,,,,False
37.25_36.5,37.25,36.5,2026-09-06,2,352.935,6.88,6.88,,,,False
37.25_36.75,37.25,36.75,2026-08-30,1,340.85,3.57,3.57,,,,False
37.25_37.0,37.25,37.0,2026-08-26,1,337.43,4.35,4.35,,,,False
37.25_37.0,37.25,37.0,2026-08-31,2,301.68,0.655,0.75,1.0,,,False
37.25_37.0,37.25,37.0,2026-09-02,1,345.4,8.67,8.67,1.5,0.7071067811865476,-0.7071067811865475,False
37.25_37.0,37.25,37.0,2026-09-03,1,346.84,5.09,5.09,1.3333333333333333,0.5773502691896257,-0.5773502691896256,False
37.25_37.0,37.25,37.0,2026-09-05,1,303.41,0.96,0.96,1.25,0.5,-0.5,False
37.25_37.0,37.25,37.0,2026-09-06,1,305.78,1.48,1.48,1.2,0.4472135954999579,-0.44721359549995787,False
37.25_37.75,37.25,37.75,2026-09-07,1,356.17,6.86,6.86,,,,False
37.25_38.5,37.25,38.5,2026-09-01,1,348.15,3.08,3.08,,,,False
37.25_39.0,37.25,39.0,2026-08-26,2,305.745,0.47,0.61,,,,False
37.25_39.25,37.25,39.25,2026-08-30,2,339.025,19.685,27.22,,,,False
37.25_39.5,37.25,39.5,2026-08-29,1,334.49,2.29,2.29,,,,False
37.25_39.5,37.25,39.5,2026-09-01,2,350.38,17.93,17.93,1.0,,,False
37.25_39.5,37.25,39.5,2026-09-06,2,340.88,9.28,10.46,1.5,0.7071067811865476,0.7071067811865475,False
37.25_39.75,37.25,39.75,2026-09-07,1,339.56,3.2,3.2,,,,False
37.25_40.75,37.25,40.75,2026-08-26,1,307.05,0.62,0.62,,,,False
37.25_40.75,37.25,40.75,2026-09-06,1,311.05,1.05,1.05,1.0,,,False
37.25_41.0,37.25,41.0,2026-08-29,1,347.04,6.67,6.67,,,,False
37.25_42.0,37.25,42.0,2026-08-26,1,350.89,9.91,9.91,,,,False
37.25_42.25,37.25,42.25,2026-08-31,1,342.17,3.88,3.88,,,,False
37.25_43.5,37.25,43.5,2026-08-29,1,341.17,7.55,7.55,,,,False
37.5_31.75,37.5,31.75,2026-09-06,6,349.57166666666666,9.346666666666666,15.28,,,,False
37.5_31.75,37.5,31.75,2026-09-07,2,345.785,6.535,8.97,6.0,,,False
37.5_32.75,37.5,32.75,2026-08-27,1,340.55,6.55,6.55,,,,False
37.5_32.75,37.5,32.75,2026-09-08,1,334.33,2.18,2.18,1.0,,,False
37.5_33.0,37.5,33.0,2026-09-06,1,343.71,5.78,5.78,,,,False
37.5_35.5,37.5,35.5,2026-09-08,5,352.198,14.614,19.47,,,,False
37.5_35.5,37.5,35.5,2026-09-09,8,335.9475,11.52,31.7,5.0,,,False
37.5_36.5,37.5,36.5,2026-09-08,1,343.18,20.54,20.54,,,,False
37.5_37.25,37.5,37.25,2026-08-30,1,332.3,2.89,2.89,,,,False
37.5_38.0,37.5,38.0,2026-08-31,1,300.12,0.89,0.89,,,,False
37.5_38.0,37.5,38.0,2026-09-04,1,301.82,1.54,1.54,1.0,,,False
37.5_38.0,37.5,38.0,2026-09-05,1,308.46,0.78,0.78,1.0,0.0,,False
37.5_38.0,37.5,38.0,2026-09-06,3,323.05,2.4933333333333336,5.5,1.0,0.0,,False
37.5_38.0,37.5,38.0,2026-09-07,3,341.2933333333333,5.27,9.95,1.5,1.0,1.5,False
37.5_38.25,37.5,38.25,2026-09-01,1,345.55,5.61,5.61,,,,False
37.5_38.5,37.5,38.5,2026-09-03,1,351.04,10.33,10.33,,,,False
37.5_38.75,37.5,38.75,2026-09-06,3,346.32,5.960000000000001,7.82,,,,False
37.5_39.0,37.5,39.0,2026-08-27,2,343.945,5.915,8.83,,,,False
37.5_39.0,37.5,39.0,2026-08-29,1,343.22,5.08,5.08,2.0,,,False
37.5_39.0,37.5,39.0,2026-09-01,5,341.298,4.658,6.83,1.5,0.7071067811865476,4.949747468305833,True
37.5_39.0,37.5,39.0,2026-09-03,2,348.85,6.48,6.48,2.6666666666666665,2.0816659994661326,-0.3202563076101742,False
37.5_39.0,37.5,39.0,2026-09-06,2,348.63,6.385,7.97,2.5,1.7320508075688772,-0.2886751345948129,False
37.5_39.0,37.5,39.0,2026-09-07,1,348.03,5.92,5.92,2.4,1.51657508881031,-0.9231326627541018,False
37.5_39.25,37.5,39.25,2026-08-27,2,354.58500000000004,10.51,15.63,,,,False
37.5_39.25,37.5,39.25,2026-08-29,1,337.4,3.44,3.44,2.0,,,False
37.5_39.25,37.5,39.25,2026-08-30,5,336.558,3.5699999999999994,4.97,1.5,0.7071067811865476,4.949747468305833,True
37.5_39.25,37.5,39.25,2026-08-31,1,339.13,3.42,3.42,2.6666666666666665,2.0816659994661326,-0.8006407690254357,False
37.5_39.25,37.5,39.25,2026-09-02,1,354.69,15.17,15.17,2.25,1.8929694486000912,-0.6603381797442178,False
37.5_39.25,37.5,39.25,2026-09-03,1,350.82,32.59,32.59,2.0,1.7320508075688772,-0.5773502691896258,False
37.5_39.25,37.5,39.25,2026-09-06,16,344.268125,8.654375,21.56,1.8333333333333333,1.6020819787597222,8.842660272375088,True
37.5_39.5,37.5,39.5,2026-09-05,3,335.87333333333333,8.323333333333332,19.13,,,,False
37.5_39.5,37.5,39.5,2026-09-06,2,346.29,2.955,3.04,3.0,,,False
37.5_39.5,37.5,39.5,2026-09-08,1,335.15,2.79,2.79,2.5,0.7071067811865476,-2.1213203435596424,False
37.5_40.0,37.5,40.0,2026-09-07,1,367.0,12.62,12.62,,,,False
37.5_42.25,37.5,42.25,2026-08-29,1,346.5,14.97,14.97,,,,False
37.75_27.5,37.75,27.5,2026-08-29,1,301.55,0.46,0.46,,,,False
37.75_27.5,37.75,27.5,2026-09-04,1,336.67,4.02,4.02,1.0,,,False
37.75_27.75,37.75,27.75,2026-09-05,1,338.79,3.8,3.8,,,,False
37.75_28.0,37.75,28.0,2026-08-27,1,340.07,2.28,2.28,,,,False
37.75_28.5,37.75,28.5,2026-09-03,1,344.36,7.94,7.94,,,,False
37.75_29.0,37.75,29.0,2026-08-30,1,333.29,2.08,2.08,,,,False
37.75_29.0,37.75,29.0,2026-08-31,2,317.94500000000005,0.92,1.34,1.0,,,False
37.75_29.25,37.75,29.25,2026-08-26,1,305.92,0.96,0.96,,,,False
37.75_29.25,37.75,29.25,2026-08-31,1,311.76,0.86,0.86,1.0,,,False
37.75_29.25,37.75,29.25,2026-09-06,1,305.47,0.8,0.8,1.0,0.0,,False
37.75_29.25,37.75,29.25,2026-09-09,1,299.43,0.82,0.82,1.0,0.0,,False
37.75_30.0,37.75,30.0,2026-09-05,3,352.99666666666667,8.193333333333333,10.01,,,,False
37.75_30.25,37.75,30.25,2026-08-26,1,303.62,1.24,1.24,,,,False
37.75_30.25,37.75,30.25,2026-08-30,1,298.95,1.12,1.12,1.0,,,False
37.75_30.25,37.75,30.25,2026-08-31,1,302.85,0.99,0.99,1.0,0.0,,False
37.75_30.25,37.75,30.25,2026-09-06,1,308.34,1.08,1.08,1.0,0.0,,False
37.75_30.25,37.75,30.25,2026-09-09,1,295.73,0.55,0.55,1.0,0.0,,False
37.75_30.5,37.75,30.5,2026-08-29,1,351.31,6.68,6.68,,,,False
37.75_31.5,37.75,31.5,2026-09-04,30,356.9063333333333,32.01733333333333,65.0,,,,False
37.75_31.5,37.75,31.5,2026-09-05,4,301.56,1.0699999999999998,1.4,30.0,,,False
37.75_31.5,37.75,31.5,2026-09-07,1,343.65,2.74,2.74,17.0,18.384776310850235,-0.8702852691526739,False
37.75_31.5,37.75,31.5,2026-09-09,1,295.12,0.45,0.45,11.666666666666666,15.947831618540915,-0.6688474597553201,False
37.75_31.75,37.75,31.75,2026-09-08,1,343.91,21.44,21.44,,,,False
37.75_31.75,37.75,31.75,2026-09-09,4,345.57,14.05,22.79,1.0,,,False
37.75_32.5,37.75,32.5,2026-08-26,1,302.15,0.76,0.76,,,,False
37.75_32.5,37.75,32.5,2026-08-30,1,295.69,0.37,0.37,1.0,,,False
37.75_32.5,37.75,32.5,2026-08-31,1,334.01,4.84,4.84,1.0,0.0,,False
37.75_32.5,37.75,32.5,2026-09-05,6,349.37999999999994,9.28,21.99,1.0,0.0,,False
37.75_32.75,37.75,32.75,2026-09-04,2,350.34000000000003,8.75,14.07,,,,False
37.75_33.5,37.75,33.5,2026-08-27,1,346.88,4.86,4.86,,,,False
37.75_38.25,37.75,38.25,2026-08-27,2,367.0,12.21,12.21,,,,False
37.75_38.25,37.75,38.25,2026-09-06,1,303.31,0.75,0.75,2.0,,,False
37.75_38.75,37.75,38.75,2026-08-31,1,337.59,5.96,5.96,,,,False
37.75_38.75,37.75,38.75,2026-09-06,1,338.59,3.58,3.58,1.0,,,False
37.75_40.0,37.75,40.0,2026-08-26,1,310.24,0.96,0.96,,,,False
37.75_40.0,37.75,40.0,2026-08-27,1,367.0,9.01,9.01,1.0,,,False
37.75_40.0,37.75,40.0,2026-09-02,1,343.36,4.13,4.13,1.0,0.0,,False
37.75_40.25,37.75,40.25,2026-08-26,3,306.68333333333334,0.6166666666666667,0.75,,,,False
37.75_40.25,37.75,40.25,2026-08-27,4,361.5075,18.91,28.75,3.0,,,False
37.75_40.25,37.75,40.25,2026-08-31,1,337.07,1.44,1.44,3.5,0.7071067811865476,-3.5355339059327373,True
37.75_40.25,37.75,40.25,2026-09-06,3,360.06333333333333,15.426666666666668,22.35,2.6666666666666665,1.5275252316519465,0.2182178902359925,False
37.75_40.5,37.75,40.5,2026-08-31,2,310.99,1.6949999999999998,1.74,,,,False
37.75_40.5,37.75,40.5,2026-09-08,1,348.34,7.45,7.45,2.0,,,False
38.0_27.25,38.0,27.25,2026-09-08,1,313.01,0.98,0.98,,,,False
38.0_29.5,38.0,29.5,2026-09-09,1,367.0,12.33,12.33,,,,False
38.0_29.75,38.0,29.75,2026-09-09,2,343.22,17.805,29.53,,,,False
38.0_30.0,38.0,30.0,2026-09-09,1,348.54,7.77,7.77,,,,False
38.0_30.75,38.0,30.75,2026-08-26,3,306.43666666666667,1.12,2.16,,,,False
38.0_30.75,38.0,30.75,2026-08-29,2,296.76,1.09,1.22,3.0,,,False
38.0_30.75,38.0,30.75,2026-08-30,1,302.57,1.47,1.47,2.5,0.7071067811865476,-2.1213203435596424,False
38.0_30.75,38.0,30.75,2026-08-31,1,304.11,1.04,1.04,2.0,1.0,-1.0,False
38.0_30.75,38.0,30.75,2026-09-06,2,302.105,0.68,0.68,1.75,0.9574271077563381,0.26111648393354675,False
38.0_32.5,38.0,32.5,2026-09-08,1,344.93,6.79,6.79,,,,False
38.0_32.75,38.0,32.75,2026-09-05,2,334.92,2.235,2.65,,,,False
38.0_34.5,38.0,34.5,2026-09-06,1,340.86,4.36,4.36,,,,False
38.0_37.0,38.0,37.0,2026-08-30,1,330.06,3.38,3.38,,,,False
38.0_37.0,38.0,37.0,2026-09-06,2,299.565,0.56,0.56,1.0,,,False
38.0_39.5,38.0,39.5,2026-09-06,2,303.44,0.635,0.69,,,,False
38.0_39.75,38.0,39.75,2026-09-01,1,332.58,2.53,2.53,,,,False
38.0_39.75,38.0,39.75,2026-09-05,2,347.775,5.555,6.15,1.0,,,False
38.0_39.75,38.0,39.75,2026-09-06,4,308.1,1.9775,2.82,1.5,0.7071067811865476,3.5355339059327373,True
38.0_40.0,38.0,40.0,2026-08-27,1,340.18,4.28,4.28,,,,False
38.0_40.0,38.0,40.0,2026-08-30,2,348.42,12.12,12.9,1.0,,,False
38.0_40.0,38.0,40.0,2026-09-02,1,341.91,5.91,5.91,1.5,0.7071067811865476,-0.7071067811865475,False
38.0_40.0,38.0,40.0,2026-09-07,3,340.5733333333333,10.176666666666668,12.72,1.3333333333333333,0.5773502691896257,2.886751345948129,False
38.0_40.25,38.0,40.25,2026-08-31,2,345.455,9.14,10.37,,,,False
38.0_40.25,38.0,40.25,2026-09-02,1,348.6,17.56,17.56,2.0,,,False
38.0_40.5,38.0,40.5,2026-08-26,2,307.80499999999995,0.85,0.96,,,,False
38.0_40.75,38.0,40.75,2026-08-31,1,342.04,3.2,3.2,,,,False
38.0_41.75,38.0,41.75,2026-08-29,2,347.225,6.41,6.41,,,,False
38.25_27.0,38.25,27.0,2026-08-26,1,318.49,2.38,2.38,,,,False
38.25_27.0,38.25,27.0,2026-08-27,1,339.35,1.54,1.54,1.0,,,False
38.25_27.0,38.25,27.0,2026-08-30,1,310.34,1.77,1.77,1.0,0.0,,False
38.25_27.0,38.25,27.0,2026-08-31,1,318.48,1.38,1.38,1.0,0.0,,False
38.25_27.0,38.25,27.0,2026-09-04,2,325.565,1.235,1.55,1.0,0.0,,False
38.25_27.0,38.25,27.0,2026-09-05,1,316.01,1.47,1.47,1.2,0.4472135954999579,-0.44721359549995787,False
38.25_27.0,38.25,27.0,2026-09-06,1,319.68,1.74,1.74,1.1666666666666667,0.408248290463863,-0.4082482904638632,False
38.25_27.0,38.25,27.0,2026-09-09,3,323.6566666666667,7.7,10.98,1.1428571428571428,0.3779644730092272,4.913538149119955,True
38.25_27.25,38.25,27.25,2026-09-03,2,348.51,11.625,14.75,,,,False
38.25_28.5,38.25,28.5,2026-09-07,1,345.71,2.67,2.67,,,,False
38.25_29.0,38.25,29.0,2026-09-07,1,348.69,9.39,9.39,,,,False
38.25_29.25,38.25,29.25,2026-08-26,3,311.42,1.2,1.74,,,,False
38.25_29.25,38.25,29.25,2026-09-05,2,342.275,4.795,5.53,3.0,,,False
38.25_29.5,38.25,29.5,2026-09-06,1,346.18,16.92,16.92,,,,False
38.25_30.25,38.25,30.25,2026-09-08,1,337.73,2.81,2.81,,,,False
38.25_30.5,38.25,30.5,2026-09-07,1,340.98,3.45,3.45,,,,False
38.25_30.5,38.25,30.5,2026-09-08,1,334.03,1.99,1.99,1.0,,,False
38.25_31.25,38.25,31.25,2026-08-29,1,337.35,4.3,4.3,,,,False
38.25_31.5,38.25,31.5,2026-08-29,6,342.93,5.791666666666667,9.86,,,,False
38.25_31.5,38.25,31.5,2026-09-04,5,349.3,10.194,14.87,6.0,,,False
38.25_31.5,38.25,31.5,2026-09-08,2,343.12,4.785,6.08,5.5,0.7071067811865476,-4.949747468305833,True
38.25_31.5,38.25,31.5,2026-09-09,2,340.705,7.154999999999999,8.86,4.333333333333333,2.0816659994661326,-1.12089707663561,False
38.25_31.75,38.25,31.75,2026-09-07,1,339.31,3.9,3.9,,,,False
38.25_32.5,38.25,32.5,2026-09-06,3,353.1,11.69,12.3,,,,False
38.25_32.5,38.25,32.5,2026-09-07,1,336.05,2.06,2.06,3.0,,,False
38.25_32.75,38.25,32.75,2026-09-05,1,335.8,1.91,1.91,,,,False
38.25_36.0,38.25,36.0,2026-09-01,1,351.08,10.58,10.58,,,,False
38.25_36.0,38.25,36.0,2026-09-06,1,343.71,3.74,3.74,1.0,,,False
38.25_37.0,38.25,37.0,2026-09-06,2,343.34000000000003,4.154999999999999,4.76,,,,False
38.25_37.25,38.25,37.25,2026-09-08,1,336.93,2.85,2.85,,,,False
38.25_38.25,38.25,38.25,2026-09-01,1,331.39,3.71,3.71,,,,False
38.25_38.25,38.25,38.25,2026-09-09,1,344.5,4.21,4.21,1.0,,,False
38.25_38.5,38.25,38.5,2026-08-26,2,303.745,1.4349999999999998,2.05,,,,False
38.25_38.5,38.25,38.5,2026-08-31,1,298.64,0.81,0.81,2.0,,,False
38.25_38.5,38.25,38.5,2026-09-05,1,304.07,0.97,0.97,1.5,0.7071067811865476,-0.7071067811865475,False
38.25_39.0,38.25,39.0,2026-09-07,2,350.505,9.489999999999998,10.29,,,,False
38.25_40.25,38.25,40.25,2026-08-27,2,357.06,10.28,12.63,,,,False
38.25_40.25,38.25,40.25,2026-09-08,4,349.85,15.2575,24.54,2.0,,,False
38.25_41.75,38.25,41.75,2026-08-26,1,337.28,1.92,1.92,,,,False
38.25_43.0,38.25,43.0,2026-09-06,1,299.27,1.42,1.42,,,,False
38.5_26.75,38.5,26.75,2026-08-26,6,313.245,1.7466666666666668,2.62,,,,False
38.5_26.75,38.5,26.75,2026-08-28,1,305.5,2.66,2.66,6.0,,,False
38.5_26.75,38.5,26.75,2026-08-29,6,304.3566666666666,1.425,2.25,3.5,3.5355339059327378,0.7071067811865475,False
38.5_26.75,38.5,26.75,2026-08-30,5,311.506,1.536,2.49,4.333333333333333,2.886751345948129,0.23094010767585038,False
38.5_26.75,38.5,26.75,2026-08-31,6,311.05333333333334,1.1666666666666667,1.67,4.5,2.3804761428476167,0.6301260378126045,False
38.5_26.75,38.5,26.75,2026-09-02,1,310.87,2.61,2.61,4.8,2.16794833886788,-1.7528092952548815,False
38.5_26.75,38.5,26.75,2026-09-04,5,313.162,1.39,1.65,4.166666666666667,2.48327740429189,0.33557802760701205,False
38.5_26.75,38.5,26.75,2026-09-05,5,314.526,1.592,3.02,4.285714285714286,2.288688541085317,0.3120938919661797,False
38.5_26.75,38.5,26.75,2026-09-06,4,317.795,1.9325,4.49,4.375,2.1339098923270936,-0.17573375583870185,False
38.5_26.75,38.5,26.75,2026-09-07,3,316.86333333333334,2.6733333333333333,4.13,4.333333333333333,1.9999999999999998,-0.6666666666666666,False
38.5_26.75,38.5,26.75,2026-09-08,1,308.12,1.02,1.02,4.2,1.9321835661585915,-1.6561573424216505,False
38.5_26.75,38.5,26.75,2026-09-09,3,309.18333333333334,1.59,2.34,3.909090909090909,2.0714509627092528,-0.43886672938755367,False
38.5_29.25,38.5,29.25,2026-09-04,2,337.115,5.03,5.44,,,,False
38.5_30.5,38.5,30.5,2026-08-26,1,309.2,1.24,1.24,,,,False
38.5_30.5,38.5,30.5,2026-08-28,1,298.27,1.57,1.57,1.0,,,False
38.5_30.5,38.5,30.5,2026-08-30,2,318.22,1.865,2.9,1.0,0.0,,False
38.5_30.5,38.5,30.5,2026-08-31,1,308.74,1.38,1.38,1.3333333333333333,0.5773502691896258,-0.5773502691896255,False
38.5_30.5,38.5,30.5,2026-09-03,2,303.885,1.26,1.42,1.25,0.5,1.5,False
38.5_30.5,38.5,30.5,2026-09-05,1,307.98,0.94,0.94,1.4,0.5477225575051662,-0.7302967433402212,False
38.5_30.5,38.5,30.5,2026-09-06,1,298.59,0.75,0.75,1.3333333333333333,0.5163977794943223,-0.6454972243679026,False
38.5_30.5,38.5,30.5,2026-09-09,2,312.15,1.185,1.42,1.2857142857142858,0.4879500364742666,1.4638501094227996,False
38.5_30.75,38.5,30.75,2026-09-02,1,344.32,6.31,6.31,,,,False
38.5_31.0,38.5,31.0,2026-09-05,1,334.99,1.89,1.89,,,,False
38.5_31.0,38.5,31.0,2026-09-07,1,346.59,5.28,5.28,1.0,,,False
38.5_31.25,38.5,31.25,2026-09-04,1,299.63,0.36,0.36,,,,False
38.5_31.5,38.5,31.5,2026-08-29,1,343.73,3.73,3.73,,,,False
38.5_31.5,38.5,31.5,2026-09-04,2,349.255,12.46,12.46,1.0,,,False
38.5_31.75,38.5,31.75,2026-08-31,2,322.58,4.720000000000001,8.21,,,,False
38.5_31.75,38.5,31.75,2026-09-08,1,343.85,13.68,13.68,2.0,,,False
38.5_32.25,38.5,32.25,2026-09-04,2,336.075,4.5200000000000005,5.19,,,,False
38.5_32.5,38.5,32.5,2026-09-03,1,345.91,20.15,20.15,,,,False
38.5_32.5,38.5,32.5,2026-09-04,1,345.03,3.47,3.47,1.0,,,False
38.5_32.5,38.5,32.5,2026-09-05,2,342.81,6.34,6.96,1.0,0.0,,False
38.5_32.5,38.5,32.5,2026-09-08,3,348.93333333333334,34.71,34.71,1.3333333333333333,0.5773502691896258,2.8867513459481287,False
38.5_32.75,38.5,32.75,2026-09-08,2,338.225,1.28,1.28,,,,False
38.5_34.0,38.5,34.0,2026-09-01,1,354.37,8.83,8.83,,,,False
38.5_34.0,38.5,34.0,2026-09-09,2,343.98,5.14,5.14,1.0,,,False
38.5_34.25,38.5,34.25,2026-09-03,1,351.31,18.08,18.08,,,,False
38.5_35.75,38.5,35.75,2026-09-03,3,340.41,2.42,2.88,,,,False
38.5_35.75,38.5,35.75,2026-09-04,1,335.77,5.06,5.06,3.0,,,False
38.5_36.0,38.5,36.0,2026-09-02,1,338.29,5.24,5.24,,,,False
38.5_36.0,38.5,36.0,2026-09-06,1,295.51,0.77,0.77,1.0,,,False
38.5_38.25,38.5,38.25,2026-08-31,1,340.84,5.22,5.22,,,,False
38.5_39.0,38.5,39.0,2026-08-26,1,303.33,0.61,0.61,,,,False
38.5_39.0,38.5,39.0,2026-08-31,1,298.33,0.46,0.46,1.0,,,False
38.5_39.25,38.5,39.25,2026-08-26,2,341.705,9.58,9.58,,,,False
38.5_42.25,38.5,42.25,2026-09-04,1,337.17,3.03,3.03,,,,False
38.5_43.25,38.5,43.25,2026-09-02,1,337.75,4.46,4.46,,,,False
38.75_26.75,38.75,26.75,2026-08-26,1,308.99,0.83,0.83,,,,False
38.75_26.75,38.75,26.75,2026-09-03,1,308.03,1.18,1.18,1.0,,,False
38.75_26.75,38.75,26.75,2026-09-07,2,303.71500000000003,1.19,1.36,1.0,0.0,,False
38.75_26.75,38.75,26.75,2026-09-08,1,302.18,0.3,0.3,1.3333333333333333,0.5773502691896258,-0.5773502691896255,False
38.75_26.75,38.75,26.75,2026-09-09,1,306.0,0.76,0.76,1.25,0.5,-0.5,False
38.75_30.5,38.75,30.5,2026-08-31,4,347.4125,18.5475,19.17,,,,False
38.75_31.5,38.75,31.5,2026-09-04,3,308.94666666666666,1.5333333333333332,2.28,,,,False
38.75_31.75,38.75,31.75,2026-08-26,4,310.2275,1.275,1.9,,,,False
38.75_31.75,38.75,31.75,2026-09-01,1,345.86,28.3,28.3,4.0,,,False
38.75_31.75,38.75,31.75,2026-09-08,1,344.82,2.79,2.79,2.5,2.1213203435596424,-0.7071067811865476,False
38.75_32.0,38.75,32.0,2026-09-05,5,346.316,13.482,30.56,,,,False
38.75_32.0,38.75,32.0,2026-09-07,2,342.005,3.51,3.51,5.0,,,False
38.75_32.0,38.75,32.0,2026-09-08,2,342.11,3.79,5.8,3.5,2.1213203435596424,-0.7071067811865476,False
38.75_32.0,38.75,32.0,2026-09-09,9,330.3588888888889,3.5033333333333334,5.6,3.0,1.7320508075688772,3.464101615137755,True
38.75_32.25,38.75,32.25,2026-08-26,5,328.842,7.019999999999999,15.03,,,,False
38.75_32.25,38.75,32.25,2026-09-04,13,347.4030769230769,28.62076923076923,48.67,5.0,,,False
38.75_32.5,38.75,32.5,2026-09-05,2,353.075,9.375,9.75,,,,False
38.75_32.5,38.75,32.5,2026-09-06,2,313.92499999999995,1.64,1.69,2.0,,,False
38.75_32.75,38.75,32.75,2026-09-01,1,342.23,8.12,8.12,,,,False
38.75_33.75,38.75,33.75,2026-08-26,1,311.23,1.85,1.85,,,,False
38.75_33.75,38.75,33.75,2026-09-06,1,355.01,10.2,10.2,1.0,,,False
38.75_34.0,38.75,34.0,2026-09-03,1,341.3,2.56,2.56,,,,False
38.75_34.25,38.75,34.25,2026-08-27,1,350.53,14.31,14.31,,,,False
38.75_34.25,38.75,34.25,2026-09-08,1,338.15,2.47,2.47,1.0,,,False
38.75_34.5,38.75,34.5,2026-08-26,7,356.25857142857143,7.668571428571428,8.53,,,,False
38.75_34.5,38.75,34.5,2026-08-30,2,345.96500000000003,17.36,20.38,7.0,,,False
38.75_34.5,38.75,34.5,2026-09-06,6,345.68833333333333,8.501666666666667,9.87,4.5,3.5355339059327378,0.4242640687119285,False
38.75_34.5,38.75,34.5,2026-09-08,1,336.64,1.4,1.4,5.0,2.6457513110645907,-1.5118578920369088,False
38.75_35.5,38.75,35.5,2026-08-26,1,348.54,8.34,8.34,,,,False
38.75_35.75,38.75,35.75,2026-09-05,2,345.035,8.3,8.71,,,,False
38.75_35.75,38.75,35.75,2026-09-06,2,352.13,8.07,8.07,2.0,,,False
38.75_36.0,38.75,36.0,2026-09-09,1,344.15,3.43,3.43,,,,False
38.75_36.5,38.75,36.5,2026-09-07,1,344.64,3.62,3.62,,,,False
38.75_37.75,38.75,37.75,2026-08-31,1,296.58,0.59,0.59,,,,False
38.75_38.75,38.75,38.75,2026-08-31,2,349.955,16.744999999999997,17.95,,,,False
38.75_39.75,38.75,39.75,2026-09-01,1,367.0,17.03,17.03,,,,False
38.75_41.25,38.75,41.25,2026-09-06,2,342.23,9.34,9.34,,,,False
38.75_41.5,38.75,41.5,2026-09-03,1,345.12,20.42,20.42,,,,False
38.75_41.5,38.75,41.5,2026-09-04,1,347.81,5.37,5.37,1.0,,,False
39.0_27.25,39.0,27.25,2026-08-31,1,305.88,0.59,0.59,,,,False
39.0_27.5,39.0,27.5,2026-08-26,6,308.9766666666667,0.9083333333333332,1.11,,,,False
39.0_27.5,39.0,27.5,2026-08-28,2,303.97,1.1549999999999998,1.16,6.0,,,False
39.0_27.5,39.0,27.5,2026-08-30,2,302.485,1.4,1.72,4.0,2.8284271247461903,-0.7071067811865475,False
39.0_27.5,39.0,27.5,2026-08-31,6,310.3066666666667,1.1716666666666666,1.57,3.3333333333333335,2.3094010767585034,1.1547005383792512,False
39.0_27.5,39.0,27.5,2026-09-02,1,302.12,1.34,1.34,4.0,2.309401076758503,-1.299038105676658,False
39.0_27.5,39.0,27.5,2026-09-03,3,305.99,0.7733333333333333,1.4,3.4,2.4083189157584592,-0.1660909597074799,False
39.0_27.5,39.0,27.5,2026-09-04,3,303.83666666666664,0.7766666666666667,0.91,3.3333333333333335,2.1602468994692865,-0.154303349962092,False
39.0_27.5,39.0,27.5,2026-09-05,7,305.29285714285714,0.8157142857142857,1.34,3.2857142857142856,1.9760470401187074,1.8796545015763317,False
39.0_27.5,39.0,27.5,2026-09-06,9,307.09777777777776,1.01,1.69,3.75,2.2519832529192065,2.3312784378811506,False
39.0_27.5,39.0,27.5,2026-09-08,2,302.825,0.715,0.99,4.333333333333333,2.7386127875258306,-0.8520128672302583,False
39.0_27.5,39.0,27.5,2026-09-09,3,304.1766666666667,1.2866666666666666,2.01,4.1,2.685351208149711,-0.40962984531097263,False
39.0_28.0,39.0,28.0,2026-09-04,2,336.47,2.73,3.05,,,,False
39.0_31.0,39.0,31.0,2026-09-09,2,346.605,9.035,9.91,,,,False
39.0_31.5,39.0,31.5,2026-08-31,5,332.04200000000003,4.044,6.1,,,,False
39.0_31.5,39.0,31.5,2026-09-03,1,337.67,2.58,2.58,5.0,,,False
39.0_31.5,39.0,31.5,2026-09-07,2,347.155,13.145,18.28,3.0,2.8284271247461903,-0.35355339059327373,False
39.0_31.75,39.0,31.75,2026-09-06,4,307.68,1.495,1.8,,,,False
39.0_32.0,39.0,32.0,2026-09-02,2,347.29,3.77,3.77,,,,False
39.0_32.25,39.0,32.25,2026-09-08,2,303.665,2.405,2.46,,,,False
39.0_32.5,39.0,32.5,2026-09-04,1,344.09,6.73,6.73,,,,False
39.0_32.5,39.0,32.5,2026-09-07,1,347.56,12.04,12.04,1.0,,,False
39.0_32.75,39.0,32.75,2026-09-03,5,351.872,11.052,14.73,,,,False
39.0_32.75,39.0,32.75,2026-09-08,2,298.625,0.79,0.86,5.0,,,False
39.0_33.0,39.0,33.0,2026-08-26,2,311.855,1.44,1.64,,,,False
39.0_33.0,39.0,33.0,2026-09-05,2,310.29999999999995,1.5099999999999998,2.03,2.0,,,False
39.0_33.25,39.0,33.25,2026-09-05,1,336.85,2.69,2.69,,,,False
39.0_33.5,39.0,33.5,2026-09-04,1,339.9,4.99,4.99,,,,False
39.0_34.25,39.0,34.25,2026-09-05,2,342.015,4.055,5.31,,,,False
39.0_34.5,39.0,34.5,2026-08-26,10,355.302,7.364,12.98,,,,False
39.0_34.5,39.0,34.5,2026-08-27,5,346.534,6.292,7.71,10.0,,,False
39.0_34.5,39.0,34.5,2026-09-01,7,348.2785714285714,12.278571428571428,22.12,7.5,3.5355339059327378,-0.1414213562373095,False
39.0_34.5,39.0,34.5,2026-09-05,11,333.85636363636365,4.129090909090909,7.39,7.333333333333333,2.516611478423583,1.4569855927715483,False
39.0_34.5,39.0,34.5,2026-09-06,4,325.295,5.255,14.77,8.25,2.753785273643051,-1.543330208305446,False
39.0_34.5,39.0,34.5,2026-09-08,3,340.46,3.0733333333333337,3.56,7.4,3.0495901363953815,-1.4428168387246965,False
39.0_35.0,39.0,35.0,2026-08-27,2,344.11,11.87,12.19,,,,False
39.0_35.0,39.0,35.0,2026-09-01,1,355.84,11.52,11.52,2.0,,,False
39.0_35.25,39.0,35.25,2026-09-06,2,351.225,10.64,10.77,,,,False
39.0_36.5,39.0,36.5,2026-09-05,1,335.04,5.21,5.21,,,,False
39.0_37.75,39.0,37.75,2026-09-09,1,342.51,2.76,2.76,,,,False
39.0_40.0,39.0,40.0,2026-09-02,8,358.15,38.2075,54.32,,,,False
39.0_40.75,39.0,40.75,2026-08-30,1,336.47,1.42,1.42,,,,False
39.0_42.75,39.0,42.75,2026-09-07,1,338.45,3.82,3.82,,,,False
39.0_43.0,39.0,43.0,2026-09-03,1,341.52,2.32,2.32,,,,False
39.25_27.25,39.25,27.25,2026-09-02,1,332.95,3.05,3.05,,,,False
39.25_27.5,39.25,27.5,2026-09-03,3,324.43333333333334,1.856666666666667,2.49,,,,False
39.25_28.0,39.25,28.0,2026-09-04,6,357.5216666666667,38.115,62.6,,,,False
39.25_30.0,39.25,30.0,2026-08-26,1,301.63,1.24,1.24,,,,False
39.25_30.0,39.25,30.0,2026-08-28,1,295.67,1.0,1.0,1.0,,,False
39.25_30.0,39.25,30.0,2026-08-30,2,301.47,1.26,1.4,1.0,0.0,,False
39.25_30.0,39.25,30.0,2026-08-31,2,304.01,1.21,1.35,1.3333333333333333,0.5773502691896258,1.1547005383792515,False
39.25_30.0,39.25,30.0,2026-09-03,1,295.85,0.38,0.38,1.5,0.5773502691896257,-0.8660254037844387,False
39.25_30.0,39.25,30.0,2026-09-05,1,301.59,0.79,0.79,1.4,0.5477225575051661,-0.7302967433402213,False
39.25_30.0,39.25,30.0,2026-09-06,1,305.97,1.01,1.01,1.3333333333333333,0.5163977794943222,-0.6454972243679027,False
39.25_30.0,39.25,30.0,2026-09-08,2,297.94,0.835,0.94,1.2857142857142858,0.48795003647426655,1.4638501094227998,False
39.25_30.0,39.25,30.0,2026-09-09,2,308.295,1.1,1.13,1.375,0.5175491695067657,1.20761472884912,False
39.25_30.75,39.25,30.75,2026-09-06,1,343.85,5.32,5.32,,,,False
39.25_30.75,39.25,30.75,2026-09-09,1,335.15,4.78,4.78,1.0,,,False
39.25_31.0,39.25,31.0,2026-09-02,2,349.545,4.42,4.42,,,,False
39.25_31.25,39.25,31.25,2026-09-06,1,341.17,8.55,8.55,,,,False
39.25_31.25,39.25,31.25,2026-09-09,2,336.86,3.53,3.53,1.0,,,False
39.25_31.75,39.25,31.75,2026-09-05,1,307.13,0.6,0.6,,,,False
39.25_32.0,39.25,32.0,2026-09-03,7,313.0628571428571,3.134285714285714,4.43,,,,False
39.25_32.0,39.25,32.0,2026-09-08,1,342.13,3.98,3.98,7.0,,,False
39.25_32.25,39.25,32.25,2026-09-04,6,344.84,10.909999999999998,17.49,,,,False
39.25_32.5,39.25,32.5,2026-09-03,1,340.43,2.91,2.91,,,,False
39.25_32.75,39.25,32.75,2026-09-05,1,367.0,8.8,8.8,,,,False
39.25_33.5,39.25,33.5,2026-09-01,1,339.95,3.1,3.1,,,,False
39.25_33.5,39.25,33.5,2026-09-02,3,357.87999999999994,44.63666666666666,54.34,1.0,,,False
39.25_33.5,39.25,33.5,2026-09-06,12,314.6075,2.328333333333333,11.77,2.0,1.4142135623730951,7.071067811865475,True
39.25_33.5,39.25,33.5,2026-09-08,1,336.27,4.72,4.72,5.333333333333333,5.859465277082315,-0.7395441611851467,False
39.25_34.5,39.25,34.5,2026-09-01,2,349.415,25.55,25.55,,,,False
39.25_34.5,39.25,34.5,2026-09-03,1,352.47,5.18,5.18,2.0,,,False
39.25_34.5,39.25,34.5,2026-09-06,1,342.33,5.02,5.02,1.5,0.7071067811865476,-0.7071067811865475,False
39.25_34.75,39.25,34.75,2026-08-26,2,367.0,12.99,12.99,,,,False
39.25_34.75,39.25,34.75,2026-08-27,1,344.56,2.93,2.93,2.0,,,False
39.25_34.75,39.25,34.75,2026-09-01,1,347.41,2.93,2.93,1.5,0.7071067811865476,-0.7071067811865475,False
39.25_34.75,39.25,34.75,2026-09-06,2,342.685,4.05,5.88,1.3333333333333333,0.5773502691896257,1.1547005383792517,False
39.25_34.75,39.25,34.75,2026-09-08,4,344.5275,25.6175,42.4,1.5,0.5773502691896257,4.330127018922194,True
39.25_34.75,39.25,34.75,2026-09-09,1,309.85,1.25,1.25,2.0,1.224744871391589,-0.8164965809277261,False
39.25_35.25,39.25,35.25,2026-09-01,2,360.37,15.93,15.93,,,,False
39.25_35.25,39.25,35.25,2026-09-07,2,349.6,27.04,33.76,2.0,,,False
39.25_36.25,39.25,36.25,2026-09-07,3,341.3633333333333,24.506666666666664,37.63,,,,False
39.25_37.0,39.25,37.0,2026-09-06,1,300.08,0.52,0.52,,,,False
39.25_37.25,39.25,37.25,2026-09-06,2,342.615,6.025,6.12,,,,False
39.25_37.5,39.25,37.5,2026-09-06,2,337.96500000000003,4.32,5.77,,,,False
39.25_41.0,39.25,41.0,2026-09-07,1,346.05,4.99,4.99,,,,False
39.25_41.75,39.25,41.75,2026-09-07,3,361.3066666666667,9.81,11.7,,,,False
39.25_42.25,39.25,42.25,2026-08-27,4,352.0975,7.777500000000001,10.05,,,,False
39.25_42.25,39.25,42.25,2026-09-03,2,345.67,4.49,5.2,4.0,,,False
39.5_27.75,39.5,27.75,2026-08-28,1,298.55,0.42,0.42,,,,False
39.5_27.75,39.5,27.75,2026-08-31,1,305.46,0.62,0.62,1.0,,,False
39.5_27.75,39.5,27.75,2026-09-01,4,345.7175,9.445,12.23,1.0,0.0,,False
39.5_27.75,39.5,27.75,2026-09-04,1,299.53,0.81,0.81,2.0,1.7320508075688772,-0.5773502691896258,False
39.5_27.75,39.5,27.75,2026-09-05,1,304.53,0.7,0.7,1.75,1.5,-0.5,False
39.5_27.75,39.5,27.75,2026-09-06,1,301.98,0.6,0.6,1.6,1.3416407864998738,-0.447213595499958,False
39.5_30.0,39.5,30.0,2026-08-26,1,302.2,0.5,0.5,,,,False
39.5_30.0,39.5,30.0,2026-08-31,1,301.91,0.77,0.77,1.0,,,False
39.5_30.0,39.5,30.0,2026-09-06,1,305.88,0.99,0.99,1.0,0.0,,False
39.5_30.0,39.5,30.0,2026-09-09,1,295.04,0.89,0.89,1.0,0.0,,False
39.5_31.0,39.5,31.0,2026-09-05,2,359.8,9.415,12.41,,,,False
39.5_31.75,39.5,31.75,2026-08-27,1,344.68,4.71,4.71,,,,False
39.5_32.25,39.5,32.25,2026-09-04,2,342.46,8.485,10.09,,,,False
39.5_32.25,39.5,32.25,2026-09-06,1,308.43,1.06,1.06,2.0,,,False
39.5_33.5,39.5,33.5,2026-09-02,1,347.49,3.9,3.9,,,,False
39.5_33.5,39.5,33.5,2026-09-03,1,343.89,5.89,5.89,1.0,,,False
39.5_33.75,39.5,33.75,2026-09-04,1,299.1,0.73,0.73,,,,False
39.5_33.75,39.5,33.75,2026-09-08,3,343.04,4.316666666666666,6.68,1.0,,,False
39.5_33.75,39.5,33.75,2026-09-09,2,342.935,19.78,36.21,2.0,1.4142135623730951,0.0,False
39.5_34.0,39.5,34.0,2026-08-26,1,367.0,5.39,5.39,,,,False
39.5_34.5,39.5,34.5,2026-08-26,2,348.12,1.77,1.85,,,,False
39.5_34.75,39.5,34.75,2026-09-06,2,360.815,19.13,19.13,,,,False
39.5_34.75,39.5,34.75,2026-09-08,1,340.37,3.21,3.21,2.0,,,False
39.5_35.25,39.5,35.25,2026-09-03,1,349.16,6.34,6.34,,,,False
39.5_37.0,39.5,37.0,2026-09-09,3,349.19666666666666,3.92,3.92,,,,False
39.5_42.75,39.5,42.75,2026-08-29,2,346.95,8.22,8.22,,,,False
39.75_28.75,39.75,28.75,2026-08-26,1,323.83,1.6,1.6,,,,False
39.75_28.75,39.75,28.75,2026-08-31,1,327.62,2.47,2.47,1.0,,,False
39.75_28.75,39.75,28.75,2026-09-05,4,334.5375,10.14,19.35,1.0,0.0,,False
39.75_28.75,39.75,28.75,2026-09-07,1,334.63,2.36,2.36,2.0,1.7320508075688772,-0.5773502691896258,False
39.75_29.0,39.75,29.0,2026-09-05,1,337.64,14.14,14.14,,,,False
39.75_30.25,39.75,30.25,2026-08-26,1,310.85,1.42,1.42,,,,False
39.75_30.25,39.75,30.25,2026-09-06,2,301.695,0.57,0.57,1.0,,,False
39.75_31.75,39.75,31.75,2026-09-06,6,349.3,62.20666666666667,92.56,,,,False
39.75_32.0,39.75,32.0,2026-09-09,1,309.11,0.7,0.7,,,,False
39.75_32.75,39.75,32.75,2026-08-31,5,351.244,8.27,10.64,,,,False
39.75_33.0,39.75,33.0,2026-08-26,2,303.14,1.035,1.07,,,,False
39.75_33.0,39.75,33.0,2026-09-05,2,297.91,0.84,0.86,2.0,,,False
39.75_33.0,39.75,33.0,2026-09-06,2,302.495,1.06,1.34,2.0,0.0,,False
39.75_33.25,39.75,33.25,2026-08-26,1,301.02,0.35,0.35,,,,False
39.75_33.25,39.75,33.25,2026-09-04,1,300.07,0.72,0.72,1.0,,,False
39.75_33.25,39.75,33.25,2026-09-05,1,303.11,0.49,0.49,1.0,0.0,,False
39.75_33.75,39.75,33.75,2026-09-05,1,338.97,2.6,2.6,,,,False
39.75_34.0,39.75,34.0,2026-09-02,3,345.31666666666666,4.53,4.53,,,,False
39.75_34.5,39.75,34.5,2026-08-26,1,301.86,0.92,0.92,,,,False
39.75_34.5,39.75,34.5,2026-09-06,1,296.93,0.55,0.55,1.0,,,False
39.75_34.75,39.75,34.75,2026-08-27,2,343.055,8.22,8.22,,,,False
39.75_35.0,39.75,35.0,2026-09-05,6,345.30833333333334,12.876666666666669,19.07,,,,False
39.75_35.5,39.75,35.5,2026-09-05,1,367.0,16.3,16.3,,,,False
39.75_35.75,39.75,35.75,2026-09-05,1,337.92,2.5,2.5,,,,False
39.75_35.75,39.75,35.75,2026-09-09,1,338.56,2.04,2.04,1.0,,,False
39.75_36.75,39.75,36.75,2026-09-06,10,348.949,23.702,91.66,,,,False
39.75_36.75,39.75,36.75,2026-09-09,2,347.14,7.98,8.55,10.0,,,False
39.75_37.0,39.75,37.0,2026-09-06,1,337.78,4.33,4.33,,,,False
39.75_40.0,39.75,40.0,2026-09-06,1,341.2,7.35,7.35,,,,False
39.75_43.0,39.75,43.0,2026-08-26,1,344.33,5.61,5.61,,,,False
39.75_43.75,39.75,43.75,2026-09-07,2,337.295,2.255,2.63,,,,False
39.75_44.25,39.75,44.25,2026-09-08,2,349.225,8.635,13.45,,,,False
40.0_28.0,40.0,28.0,2026-09-08,1,333.78,3.78,3.78,,,,False
40.0_28.25,40.0,28.25,2026-09-07,1,347.34,8.0,8.0,,,,False
40.0_28.25,40.0,28.25,2026-09-08,2,333.68,4.165,5.47,1.0,,,False
40.0_28.75,40.0,28.75,2026-08-30,1,340.95,4.29,4.29,,,,False
40.0_28.75,40.0,28.75,2026-09-02,1,336.99,2.16,2.16,1.0,,,False
40.0_29.0,40.0,29.0,2026-09-06,1,308.79,0.85,0.85,,,,False
40.0_29.25,40.0,29.25,2026-09-03,1,300.99,0.53,0.53,,,,False
40.0_29.75,40.0,29.75,2026-08-26,1,307.64,1.06,1.06,,,,False
40.0_29.75,40.0,29.75,2026-08-31,1,304.07,0.89,0.89,1.0,,,False
40.0_29.75,40.0,29.75,2026-09-05,1,299.81,0.88,0.88,1.0,0.0,,False
40.0_29.75,40.0,29.75,2026-09-06,1,301.14,0.84,0.84,1.0,0.0,,False
40.0_30.0,40.0,30.0,2026-09-08,1,336.35,2.05,2.05,,,,False
40.0_32.5,40.0,32.5,2026-08-26,2,302.31500000000005,0.675,0.72,,,,False
40.0_32.5,40.0,32.5,2026-08-31,1,297.49,0.92,0.92,2.0,,,False
40.0_32.5,40.0,32.5,2026-09-06,1,301.87,1.08,1.08,1.5,0.7071067811865476,-0.7071067811865475,False
40.0_32.75,40.0,32.75,2026-08-29,1,339.82,6.74,6.74,,,,False
40.0_32.75,40.0,32.75,2026-09-01,1,344.8,8.65,8.65,1.0,,,False
40.0_32.75,40.0,32.75,2026-09-06,1,303.96,0.86,0.86,1.0,0.0,,False
40.0_33.0,40.0,33.0,2026-09-02,1,344.55,2.23,2.23,,,,False
40.0_33.0,40.0,33.0,2026-09-05,6,359.8883333333333,11.343333333333334,14.92,1.0,,,False
40.0_33.75,40.0,33.75,2026-09-06,3,355.81666666666666,10.61,17.97,,,,False
40.0_34.0,40.0,34.0,2026-09-05,2,356.49,8.695,14.45,,,,False
40.0_34.0,40.0,34.0,2026-09-06,1,346.41,8.35,8.35,2.0,,,False
40.0_34.0,40.0,34.0,2026-09-09,2,311.67999999999995,2.43,2.51,1.5,0.7071067811865476,0.7071067811865475,False
40.0_34.25,40.0,34.25,2026-09-01,4,344.7,9.51,22.62,,,,False
40.0_34.25,40.0,34.25,2026-09-05,7,349.8757142857143,6.067142857142857,7.11,4.0,,,False
40.0_34.25,40.0,34.25,2026-09-06,4,333.2125,7.025,7.96,5.5,2.1213203435596424,-0.7071067811865476,False
40.0_34.75,40.0,34.75,2026-08-26,7,354.9985714285714,6.798571428571429,10.32,,,,False
40.0_34.75,40.0,34.75,2026-09-03,1,341.03,9.23,9.23,7.0,,,False
40.0_34.75,40.0,34.75,2026-09-06,1,341.92,11.86,11.86,4.0,4.242640687119285,-0.7071067811865476,False
40.0_34.75,40.0,34.75,2026-09-08,4,346.055,7.69,8.08,3.0,3.4641016151377544,0.2886751345948129,False
40.0_34.75,40.0,34.75,2026-09-09,5,331.05,3.594,7.89,3.25,2.8722813232690143,0.6092717958449424,False
40.0_35.0,40.0,35.0,2026-08-26,1,312.17,2.18,2.18,,,,False
40.0_35.0,40.0,35.0,2026-08-27,4,342.3375,7.135,8.83,1.0,,,False
40.0_35.0,40.0,35.0,2026-09-05,2,296.46500000000003,0.8,0.8,2.5,2.1213203435596424,-0.23570226039551587,False
40.0_35.0,40.0,35.0,2026-09-06,7,337.4342857142857,15.077142857142857,51.5,2.3333333333333335,1.5275252316519468,3.0550504633038926,True
40.0_35.0,40.0,35.0,2026-09-09,1,340.43,3.42,3.42,3.5,2.6457513110645907,-0.944911182523068,False
40.0_35.75,40.0,35.75,2026-08-27,2,338.17499999999995,3.29,3.29,,,,False
40.0_35.75,40.0,35.75,2026-09-06,1,336.34,0.88,0.88,2.0,,,False
40.0_37.0,40.0,37.0,2026-09-04,1,348.06,18.49,18.49,,,,False
40.0_38.25,40.0,38.25,2026-09-08,2,337.755,4.26,4.26,,,,False
40.0_40.0,40.0,40.0,2026-09-09,1,337.01,7.28,7.28,,,,False
40.25_29.0,40.25,29.0,2026-09-03,2,350.02,4.16,5.93,,,,False
40.25_29.0,40.25,29.0,2026-09-08,1,348.33,5.68,5.68,2.0,,,False
40.25_29.25,40.25,29.25,2026-08-30,1,337.86,3.45,3.45,,,,False
40.25_30.0,40.25,30.0,2026-08-26,1,307.14,0.7,0.7,,,,False
40.25_30.0,40.25,30.0,2026-08-30,2,302.185,0.8400000000000001,0.87,1.0,,,False
40.25_30.0,40.25,30.0,2026-09-06,1,301.64,0.72,0.72,1.5,0.7071067811865476,-0.7071067811865475,False
40.25_30.75,40.25,30.75,2026-09-02,1,356.56,12.53,12.53,,,,False
40.25_31.75,40.25,31.75,2026-09-08,4,343.68,9.285,12.78,,,,False
40.25_33.25,40.25,33.25,2026-08-26,1,333.28,4.09,4.09,,,,False
40.25_33.5,40.25,33.5,2026-08-31,2,342.675,5.33,6.09,,,,False
40.25_33.5,40.25,33.5,2026-09-03,1,349.97,3.04,3.04,2.0,,,False
40.25_33.5,40.25,33.5,2026-09-05,2,360.54,8.18,8.18,1.5,0.7071067811865476,0.7071067811865475,False
40.25_33.75,40.25,33.75,2026-08-26,1,347.16,3.48,3.48,,,,False
40.25_33.75,40.25,33.75,2026-09-01,1,334.97,7.05,7.05,1.0,,,False
40.25_33.75,40.25,33.75,2026-09-06,2,316.955,1.8,1.8,1.0,0.0,,False
40.25_33.75,40.25,33.75,2026-09-08,2,343.415,5.29,7.04,1.3333333333333333,0.5773502691896258,1.1547005383792515,False
40.25_34.0,40.25,34.0,2026-08-27,12,348.30333333333334,28.6175,83.51,,,,False
40.25_34.0,40.25,34.0,2026-09-05,2,359.94,8.105,9.34,12.0,,,False
40.25_34.0,40.25,34.0,2026-09-06,17,332.3770588235294,5.1905882352941175,13.68,7.0,7.0710678118654755,1.414213562373095,False
40.25_34.0,40.25,34.0,2026-09-07,1,349.03,11.23,11.23,10.333333333333334,7.637626158259733,-1.2220201853215573,False
40.25_34.0,40.25,34.0,2026-09-09,3,302.05333333333334,1.6900000000000002,1.82,8.0,7.788880963698615,-0.6419407387663694,False
40.25_34.25,40.25,34.25,2026-08-26,1,350.27,3.61,3.61,,,,False
40.25_34.25,40.25,34.25,2026-09-06,4,317.1025,2.7125000000000004,6.98,1.0,,,False
40.25_34.25,40.25,34.25,2026-09-09,2,342.825,16.01,16.01,2.5,2.1213203435596424,-0.23570226039551587,False
40.25_34.75,40.25,34.75,2026-09-04,1,332.31,2.54,2.54,,,,False
40.25_34.75,40.25,34.75,2026-09-05,1,367.0,12.05,12.05,1.0,,,False
40.25_34.75,40.25,34.75,2026-09-06,1,339.18,3.87,3.87,1.0,0.0,,False
40.25_34.75,40.25,34.75,2026-09-08,1,335.01,11.86,11.86,1.0,0.0,,False
40.25_35.5,40.25,35.5,2026-09-06,1,348.73,6.17,6.17,,,,False
40.25_35.75,40.25,35.75,2026-09-06,1,331.2,1.21,1.21,,,,False
40.25_36.0,40.25,36.0,2026-09-05,2,341.135,6.125,6.52,,,,False
40.25_40.5,40.25,40.5,2026-08-27,1,336.14,3.44,3.44,,,,False
40.5_26.5,40.5,26.5,2026-08-29,2,336.115,7.26,7.26,,,,False
40.5_30.25,40.5,30.25,2026-08-26,1,343.52,9.93,9.93,,,,False
40.5_34.0,40.5,34.0,2026-08-31,2,342.43,4.199999999999999,4.39,,,,False
40.5_34.0,40.5,34.0,2026-09-01,4,344.8425,5.6625,6.7,2.0,,,False
40.5_34.0,40.5,34.0,2026-09-04,16,329.44,4.384375,9.41,3.0,1.4142135623730951,9.192388155425117,True
40.5_34.0,40.5,34.0,2026-09-05,7,332.1114285714286,4.312857142857143,7.79,7.333333333333333,7.571877794400366,-0.04402254531628114,False
40.5_34.0,40.5,34.0,2026-09-06,11,319.5090909090909,2.7763636363636364,8.93,7.25,6.184658438426491,0.6063390625908324,False
40.5_34.0,40.5,34.0,2026-09-07,1,348.62,7.73,7.73,8.0,5.612486080160912,-1.247219128924647,False
40.5_34.0,40.5,34.0,2026-09-09,1,311.79,1.95,1.95,6.833333333333333,5.776388721914988,-1.0098581681669558,False
40.5_34.25,40.5,34.25,2026-08-26,2,301.25,0.8049999999999999,0.84,,,,False
40.5_34.25,40.5,34.25,2026-08-27,1,339.09,2.44,2.44,2.0,,,False
40.5_34.25,40.5,34.25,2026-08-31,11,342.8881818181818,5.692727272727272,11.78,1.5,0.7071067811865476,13.435028842544401,True
40.5_34.25,40.5,34.25,2026-09-04,3,316.12,11.153333333333334,32.21,4.666666666666667,5.507570547286102,-0.30261376633440124,False
40.5_34.25,40.5,34.25,2026-09-05,4,322.5,3.9075,9.62,4.25,4.573474244670748,-0.05466303878092527,False
40.5_34.25,40.5,34.25,2026-09-06,9,346.93555555555554,11.36,22.74,4.2,3.96232255123179,1.211410716300165,False
40.5_34.25,40.5,34.25,2026-09-09,2,307.545,2.46,2.78,5.0,4.049691346263317,-0.7407971974871923,False
40.5_34.5,40.5,34.5,2026-09-06,1,344.96,7.2,7.2,,,,False
40.5_34.5,40.5,34.5,2026-09-09,2,297.44,1.1549999999999998,1.17,1.0,,,False
40.5_34.75,40.5,34.75,2026-08-31,1,335.51,3.98,3.98,,,,False
40.5_34.75,40.5,34.75,2026-09-01,2,339.71500000000003,5.95,6.42,1.0,,,False
40.5_35.25,40.5,35.25,2026-09-05,10,353.612,14.938999999999998,19.59,,,,False
40.5_35.5,40.5,35.5,2026-09-06,3,363.79,8.476666666666667,12.97,,,,False
40.5_36.5,40.5,36.5,2026-08-26,1,334.01,2.4,2.4,,,,False
40.5_43.0,40.5,43.0,2026-09-06,1,296.33,0.36,0.36,,,,False
40.75_26.5,40.75,26.5,2026-09-09,3,349.76666666666665,6.706666666666667,11.49,,,,False
40.75_29.0,40.75,29.0,2026-09-02,1,334.45,1.41,1.41,,,,False
40.75_29.25,40.75,29.25,2026-08-31,1,303.19,0.88,0.88,,,,False
40.75_29.5,40.75,29.5,2026-08-26,2,314.75,1.655,1.86,,,,False
40.75_29.5,40.75,29.5,2026-08-27,1,332.94,1.77,1.77,2.0,,,False
40.75_29.5,40.75,29.5,2026-08-31,1,303.12,0.88,0.88,1.5,0.7071067811865476,-0.7071067811865475,False
40.75_29.5,40.75,29.5,2026-09-04,2,305.195,1.705,1.89,1.3333333333333333,0.5773502691896257,1.1547005383792517,False
40.75_29.5,40.75,29.5,2026-09-05,1,312.75,1.6,1.6,1.5,0.5773502691896257,-0.8660254037844387,False
40.75_29.5,40.75,29.5,2026-09-06,3,311.5,1.2766666666666666,1.77,1.4,0.5477225575051661,2.921186973360886,False
40.75_29.75,40.75,29.75,2026-08-26,1,309.96,1.11,1.11,,,,False
40.75_29.75,40.75,29.75,2026-08-30,1,311.6,1.5,1.5,1.0,,,False
40.75_29.75,40.75,29.75,2026-09-02,2,303.22,1.975,2.48,1.0,0.0,,False
40.75_29.75,40.75,29.75,2026-09-03,1,310.2,2.05,2.05,1.3333333333333333,0.5773502691896258,-0.5773502691896255,False
40.75_29.75,40.75,29.75,2026-09-05,2,307.13,1.355,1.7,1.25,0.5,1.5,False
40.75_29.75,40.75,29.75,2026-09-06,1,312.7,1.66,1.66,1.4,0.5477225575051662,-0.7302967433402212,False
40.75_29.75,40.75,29.75,2026-09-08,1,302.53,2.13,2.13,1.3333333333333333,0.5163977794943223,-0.6454972243679026,False
40.75_29.75,40.75,29.75,2026-09-09,1,302.64,2.12,2.12,1.2857142857142858,0.4879500364742666,-0.58554004376912,False
40.75_30.25,40.75,30.25,2026-09-06,1,305.05,0.72,0.72,,,,False
40.75_31.75,40.75,31.75,2026-08-31,1,300.56,0.74,0.74,,,,False
40.75_31.75,40.75,31.75,2026-09-05,1,299.57,1.12,1.12,1.0,,,False
40.75_31.75,40.75,31.75,2026-09-06,1,296.93,0.68,0.68,1.0,0.0,,False
40.75_35.25,40.75,35.25,2026-08-31,2,353.11,5.71,7.75,,,,False
40.75_35.25,40.75,35.25,2026-09-01,1,333.64,2.47,2.47,2.0,,,False
40.75_35.25,40.75,35.25,2026-09-02,1,338.35,5.25,5.25,1.5,0.7071067811865476,-0.7071067811865475,False
40.75_35.25,40.75,35.25,2026-09-03,1,339.31,8.54,8.54,1.3333333333333333,0.5773502691896257,-0.5773502691896256,False
40.75_35.25,40.75,35.25,2026-09-06,1,341.63,2.92,2.92,1.25,0.5,-0.5,False
40.75_35.5,40.75,35.5,2026-08-27,1,331.17,2.18,2.18,,,,False
40.75_35.5,40.75,35.5,2026-09-08,1,337.35,2.74,2.74,1.0,,,False
41.0_27.25,41.0,27.25,2026-09-08,1,342.11,5.51,5.51,,,,False
41.0_28.0,41.0,28.0,2026-09-02,1,338.22,4.79,4.79,,,,False
41.0_32.5,41.0,32.5,2026-08-26,2,304.9,1.415,1.44,,,,False
41.0_32.5,41.0,32.5,2026-08-27,1,335.66,3.71,3.71,2.0,,,False
41.0_32.5,41.0,32.5,2026-08-31,6,301.22166666666664,1.1166666666666665,1.52,1.5,0.7071067811865476,6.363961030678928,True
41.0_32.5,41.0,32.5,2026-09-03,1,301.43,1.32,1.32,3.0,2.6457513110645907,-0.7559289460184544,False
41.0_32.5,41.0,32.5,2026-09-04,3,304.3666666666667,0.7333333333333334,0.74,2.5,2.3804761428476167,0.21004201260420147,False
41.0_32.5,41.0,32.5,2026-09-05,5,305.024,0.948,1.4,2.6,2.073644135332772,1.1573827732089892,False
41.0_32.5,41.0,32.5,2026-09-06,8,305.23625,0.9075,1.3,3.0,2.0976176963403033,2.3836564731139807,False
41.0_32.5,41.0,32.5,2026-09-08,2,299.895,1.855,1.96,3.7142857142857144,2.690370836538197,-0.6371930928643098,False
41.0_32.5,41.0,32.5,2026-09-09,2,300.795,1.09,1.17,3.5,2.5634797778466227,-0.5851421232041205,False
41.0_35.5,41.0,35.5,2026-09-06,1,342.19,2.78,2.78,,,,False
41.0_35.5,41.0,35.5,2026-09-07,1,341.64,8.72,8.72,1.0,,,False
41.0_35.5,41.0,35.5,2026-09-08,1,329.74,2.95,2.95,1.0,0.0,,False
41.0_35.5,41.0,35.5,2026-09-09,1,342.51,3.71,3.71,1.0,0.0,,False
41.0_36.0,41.0,36.0,2026-08-26,1,297.04,0.46,0.46,,,,False
41.0_36.0,41.0,36.0,2026-09-05,2,297.08500000000004,0.76,0.88,1.0,,,False
41.0_36.0,41.0,36.0,2026-09-06,1,295.56,0.34,0.34,1.5,0.7071067811865476,-0.7071067811865475,False
41.0_36.25,41.0,36.25,2026-08-26,5,326.196,3.8,6.06,,,,False
41.0_36.25,41.0,36.25,2026-08-30,2,335.485,4.085,4.65,5.0,,,False
41.0_36.25,41.0,36.25,2026-09-01,1,333.56,3.08,3.08,3.5,2.1213203435596424,-1.1785113019775793,False
41.0_36.25,41.0,36.25,2026-09-02,1,337.15,6.92,6.92,2.6666666666666665,2.0816659994661326,-0.8006407690254357,False
41.0_36.25,41.0,36.25,2026-09-03,1,344.58,8.98,8.98,2.25,1.8929694486000912,-0.6603381797442178,False
41.0_36.25,41.0,36.25,2026-09-04,2,323.94,4.38,6.27,2.0,1.7320508075688772,0.0,False
41.0_36.25,41.0,36.25,2026-09-05,3,328.84666666666664,5.003333333333334,6.29,2.0,1.5491933384829668,0.6454972243679028,False
41.0_36.25,41.0,36.25,2026-09-06,2,337.095,5.295,7.38,2.142857142857143,1.4638501094227998,-0.09759000729485327,False
41.0_36.25,41.0,36.25,2026-09-08,1,340.14,6.79,6.79,2.125,1.3562026818605375,-0.8295220287108142,False
41.0_36.25,41.0,36.25,2026-09-09,2,308.475,1.7,1.93,2.0,1.3228756555322954,0.0,False
41.0_37.25,41.0,37.25,2026-09-05,1,300.51,0.46,0.46,,,,False
41.25_26.5,41.25,26.5,2026-09-05,1,339.17,4.4,4.4,,,,False
41.25_26.5,41.25,26.5,2026-09-09,1,330.17,2.0,2.0,1.0,,,False
41.25_26.75,41.25,26.75,2026-09-08,2,338.77,3.215,4.03,,,,False
41.25_27.0,41.25,27.0,2026-09-08,1,340.3,3.09,3.09,,,,False
41.25_27.5,41.25,27.5,2026-08-30,1,298.14,0.81,0.81,,,,False
41.25_27.5,41.25,27.5,2026-09-08,1,348.1,10.83,10.83,1.0,,,False
41.25_34.0,41.25,34.0,2026-09-02,1,340.26,5.05,5.05,,,,False
41.5_27.0,41.5,27.0,2026-09-02,1,335.23,0.55,0.55,,,,False
41.5_27.5,41.5,27.5,2026-08-26,1,309.21,1.36,1.36,,,,False
41.5_27.5,41.5,27.5,2026-08-31,2,305.09000000000003,1.05,1.12,1.0,,,False
41.5_27.5,41.5,27.5,2026-09-05,2,303.53,1.015,1.3,1.5,0.7071067811865476,0.7071067811865475,False
41.5_27.5,41.5,27.5,2026-09-06,2,306.25,0.835,0.89,1.6666666666666667,0.5773502691896257,0.5773502691896256,False
41.5_32.25,41.5,32.25,2026-09-09,1,300.65,0.62,0.62,,,,False
41.5_35.75,41.5,35.75,2026-08-26,1,308.52,1.52,1.52,,,,False
41.75_26.25,41.75,26.25,2026-09-07,2,302.54999999999995,1.3,1.3,,,,False
41.75_26.5,41.75,26.5,2026-08-26,1,299.04,0.57,0.57,,,,False
41.75_26.5,41.75,26.5,2026-08-30,1,297.96,0.48,0.48,1.0,,,False
41.75_26.5,41.75,26.5,2026-09-04,1,301.86,0.79,0.79,1.0,0.0,,False
41.75_26.5,41.75,26.5,2026-09-05,1,307.45,0.84,0.84,1.0,0.0,,False
41.75_26.5,41.75,26.5,2026-09-08,2,298.63,0.545,0.64,1.0,0.0,,False
