latitude,longitude,bright_ti4,scan,track,acq_date,acq_time,satellite,instrument,confidence,version,bright_ti5,frp,daynight,acq_datetime_tr
38.65825,30.61822,298.27,0.74,0.76,2026-08-28,113,N,VIIRS,n,2.0NRT,285.14,1.57,N,2026-08-28 04:13:00+03:00
38.73445,26.94638,305.5,0.49,0.65,2026-08-28,113,N,VIIRS,n,2.0NRT,292.6,2.66,N,2026-08-28 04:13:00+03:00
39.09195,27.51125,303.47,0.51,0.66,2026-08-28,113,N,VIIRS,n,2.0NRT,290.41,1.15,N,2026-08-28 04:13:00+03:00
39.09244,27.51197,304.47,0.51,0.66,2026-08-28,113,N,VIIRS,n,2.0NRT,290.1,1.16,N,2026-08-28 04:13:00+03:00
39.48657,30.03981,295.67,0.66,0.73,2026-08-28,113,N,VIIRS,n,2.0NRT,284.36,1.0,N,2026-08-28 04:13:00+03:00
39.60815,27.87794,298.55,0.51,0.66,2026-08-28,113,N,VIIRS,n,2.0NRT,288.48,0.42,N,2026-08-28 04:13:00+03:00
36.26089,33.72866,306.63,0.43,0.38,2026-09-01,1,N,VIIRS,n,2.0NRT,294.75,1.0,N,2026-09-01 03:01:00+03:00
36.26433,33.72963,309.04,0.43,0.38,2026-09-01,1,N,VIIRS,n,2.0NRT,295.48,1.0,N,2026-09-01 03:01:00+03:00
37.25276,30.44399,318.18,0.39,0.36,2026-09-01,1,N,VIIRS,n,2.0NRT,293.23,2.23,N,2026-09-01 03:01:00+03:00
37.47652,30.28816,296.33,0.39,0.36,2026-09-01,1,N,VIIRS,n,2.0NRT,285.95,0.36,N,2026-09-01 03:01:00+03:00
37.10261,36.04231,351.03,0.66,0.73,2026-09-01,941,N,VIIRS,n,2.0NRT,295.81,13.76,D,2026-09-01 12:41:00+03:00
37.1062,36.03825,345.63,0.66,0.73,2026-09-01,941,N,VIIRS,n,2.0NRT,295.21,7.78,D,2026-09-01 12:41:00+03:00
37.12013,39.10058,341.12,0.47,0.64,2026-09-01,941,N,VIIRS,n,2.0NRT,297.56,5.2,D,2026-09-01 12:41:00+03:00
37.12224,39.10309,349.0,0.47,0.64,2026-09-01,941,N,VIIRS,n,2.0NRT,297.84,5.18,D,2026-09-01 12:41:00+03:00
37.22268,42.23973,349.13,0.32,0.54,2026-09-01,941,N,VIIRS,n,2.0NRT,307.05,2.95,D,2026-09-01 12:41:00+03:00
37.22355,42.2432,340.81,0.32,0.54,2026-09-01,941,N,VIIRS,n,2.0NRT,306.89,2.95,D,2026-09-01 12:41:00+03:00
37.22464,39.49666,335.71,0.44,0.63,2026-09-01,941,N,VIIRS,n,2.0NRT,302.78,6.02,D,2026-09-01 12:41:00+03:00
37.27957,35.84625,367.0,0.67,0.74,2026-09-01,941,N,VIIRS,h,2.0NRT,296.56,22.28,D,2026-09-01 12:41:00+03:00
37.28087,35.84436,367.0,0.67,0.74,2026-09-01,941,N,VIIRS,h,2.0NRT,296.19,14.76,D,2026-09-01 12:41:00+03:00
37.30157,35.79215,335.16,0.67,0.74,2026-09-01,941,N,VIIRS,n,2.0NRT,297.43,5.07,D,2026-09-01 12:41:00+03:00
37.54553,39.08374,336.67,0.46,0.63,2026-09-01,941,N,VIIRS,n,2.0NRT,304.91,3.53,D,2026-09-01 12:41:00+03:00
37.54693,39.08866,342.72,0.45,0.63,2026-09-01,941,N,VIIRS,n,2.0NRT,302.4,3.53,D,2026-09-01 12:41:00+03:00
37.54743,39.08904,341.48,0.46,0.63,2026-09-01,941,N,VIIRS,n,2.0NRT,301.91,3.89,D,2026-09-01 12:41:00+03:00
38.078,39.79654,332.58,0.41,0.6,2026-09-01,941,N,VIIRS,n,2.0NRT,302.07,2.53,D,2026-09-01 12:41:00+03:00
38.45105,38.46781,331.39,0.46,0.64,2026-09-01,941,N,VIIRS,n,2.0NRT,297.81,3.71,D,2026-09-01 12:41:00+03:00
38.84064,39.91237,367.0,0.38,0.59,2026-09-01,941,N,VIIRS,h,2.0NRT,309.24,17.03,D,2026-09-01 12:41:00+03:00
39.03149,34.67718,336.28,0.68,0.74,2026-09-01,941,N,VIIRS,n,2.0NRT,298.47,8.09,D,2026-09-01 12:41:00+03:00
39.03151,34.67904,347.23,0.68,0.74,2026-09-01,941,N,VIIRS,n,2.0NRT,299.14,10.59,D,2026-09-01 12:41:00+03:00
39.03395,34.68662,348.46,0.68,0.74,2026-09-01,941,N,VIIRS,n,2.0NRT,300.35,17.75,D,2026-09-01 12:41:00+03:00
39.03397,34.68471,355.06,0.68,0.74,2026-09-01,941,N,VIIRS,n,2.0NRT,300.1,8.09,D,2026-09-01 12:41:00+03:00
39.03742,35.16927,355.84,0.65,0.73,2026-09-01,941,N,VIIRS,n,2.0NRT,298.0,11.52,D,2026-09-01 12:41:00+03:00
39.47427,35.40102,353.74,0.61,0.71,2026-09-01,941,N,VIIRS,n,2.0NRT,299.6,15.93,D,2026-09-01 12:41:00+03:00
39.47636,35.40765,367.0,0.61,0.71,2026-09-01,941,N,VIIRS,h,2.0NRT,300.45,15.93,D,2026-09-01 12:41:00+03:00
40.32044,33.89695,334.97,0.68,0.74,2026-09-01,941,N,VIIRS,n,2.0NRT,303.46,7.05,D,2026-09-01 12:41:00+03:00
40.58495,34.19648,341.23,0.65,0.73,2026-09-01,941,N,VIIRS,n,2.0NRT,302.5,6.0,D,2026-09-01 12:41:00+03:00
40.58794,34.19362,336.06,0.65,0.73,2026-09-01,941,N,VIIRS,n,2.0NRT,300.91,3.25,D,2026-09-01 12:41:00+03:00
40.59904,34.84133,337.97,0.6,0.71,2026-09-01,941,N,VIIRS,n,2.0NRT,301.07,5.48,D,2026-09-01 12:41:00+03:00
40.59958,34.84184,341.46,0.6,0.71,2026-09-01,941,N,VIIRS,n,2.0NRT,301.31,6.42,D,2026-09-01 12:41:00+03:00
36.35563,30.23233,336.2,0.42,0.38,2026-09-01,1119,N,VIIRS,n,2.0NRT,305.42,2.0,D,2026-09-01 14:19:00+03:00
36.56041,36.41924,333.07,0.54,0.51,2026-09-01,1119,N,VIIRS,n,2.0NRT,302.08,5.72,D,2026-09-01 14:19:00+03:00
36.56159,36.41646,344.82,0.54,0.51,2026-09-01,1119,N,VIIRS,n,2.0NRT,301.67,7.87,D,2026-09-01 14:19:00+03:00
36.61739,35.57388,334.32,0.48,0.48,2026-09-01,1119,N,VIIRS,n,2.0NRT,301.59,3.62,D,2026-09-01 14:19:00+03:00
36.74714,36.20367,332.36,0.53,0.5,2026-09-01,1119,N,VIIRS,n,2.0NRT,301.87,5.6,D,2026-09-01 14:19:00+03:00
36.75127,35.37897,356.87,0.47,0.48,2026-09-01,1119,N,VIIRS,n,2.0NRT,301.34,7.04,D,2026-09-01 14:19:00+03:00
37.02524,38.46929,344.69,0.35,0.57,2026-09-01,1119,N,VIIRS,n,2.0NRT,304.76,5.89,D,2026-09-01 14:19:00+03:00
37.05279,30.83056,342.22,0.44,0.39,2026-09-01,1119,N,VIIRS,n,2.0NRT,311.07,4.49,D,2026-09-01 14:19:00+03:00
37.06105,36.07623,343.7,0.52,0.5,2026-09-01,1119,N,VIIRS,n,2.0NRT,303.36,9.24,D,2026-09-01 14:19:00+03:00
37.06409,36.07423,353.15,0.52,0.5,2026-09-01,1119,N,VIIRS,n,2.0NRT,301.61,12.79,D,2026-09-01 14:19:00+03:00
37.07466,36.031,344.03,0.52,0.5,2026-09-01,1119,N,VIIRS,n,2.0NRT,302.43,4.91,D,2026-09-01 14:19:00+03:00
37.08661,36.00566,352.61,0.52,0.5,2026-09-01,1119,N,VIIRS,n,2.0NRT,307.34,49.94,D,2026-09-01 14:19:00+03:00
37.08804,36.02333,343.55,0.52,0.5,2026-09-01,1119,N,VIIRS,n,2.0NRT,304.63,6.36,D,2026-09-01 14:19:00+03:00
37.0882,36.08326,367.0,0.52,0.5,2026-09-01,1119,N,VIIRS,h,2.0NRT,304.48,12.8,D,2026-09-01 14:19:00+03:00
37.09059,36.11308,332.09,0.52,0.5,2026-09-01,1119,N,VIIRS,n,2.0NRT,301.36,5.37,D,2026-09-01 14:19:00+03:00
37.09266,36.02279,341.3,0.52,0.5,2026-09-01,1119,N,VIIRS,n,2.0NRT,303.18,9.09,D,2026-09-01 14:19:00+03:00
37.09314,36.0287,337.04,0.52,0.5,2026-09-01,1119,N,VIIRS,n,2.0NRT,299.19,9.09,D,2026-09-01 14:19:00+03:00
37.09331,36.08865,334.68,0.52,0.5,2026-09-01,1119,N,VIIRS,n,2.0NRT,302.78,12.8,D,2026-09-01 14:19:00+03:00
37.09475,36.10653,343.48,0.52,0.5,2026-09-01,1119,N,VIIRS,n,2.0NRT,301.58,5.37,D,2026-09-01 14:19:00+03:00
37.10384,36.04533,344.6,0.52,0.5,2026-09-01,1119,N,VIIRS,n,2.0NRT,303.64,6.37,D,2026-09-01 14:19:00+03:00
37.10846,36.04477,345.93,0.52,0.5,2026-09-01,1119,N,VIIRS,n,2.0NRT,303.42,6.37,D,2026-09-01 14:19:00+03:00
37.11309,36.0442,352.79,0.52,0.5,2026-09-01,1119,N,VIIRS,n,2.0NRT,300.19,9.71,D,2026-09-01 14:19:00+03:00
37.13011,36.02418,344.22,0.52,0.5,2026-09-01,1119,N,VIIRS,n,2.0NRT,304.22,8.27,D,2026-09-01 14:19:00+03:00
37.17427,36.07122,336.2,0.52,0.5,2026-09-01,1119,N,VIIRS,n,2.0NRT,305.3,3.12,D,2026-09-01 14:19:00+03:00
37.17575,36.06646,335.0,0.52,0.5,2026-09-01,1119,N,VIIRS,n,2.0NRT,304.92,2.46,D,2026-09-01 14:19:00+03:00
37.17844,36.06467,334.34,0.52,0.5,2026-09-01,1119,N,VIIRS,n,2.0NRT,303.42,3.12,D,2026-09-01 14:19:00+03:00
37.20497,42.16516,332.25,0.57,0.69,2026-09-01,1119,N,VIIRS,n,2.0NRT,302.16,7.42,D,2026-09-01 14:19:00+03:00
37.20969,35.98888,341.8,0.52,0.5,2026-09-01,1119,N,VIIRS,n,2.0NRT,304.45,8.16,D,2026-09-01 14:19:00+03:00
37.21018,35.99479,342.75,0.52,0.5,2026-09-01,1119,N,VIIRS,n,2.0NRT,306.1,8.16,D,2026-09-01 14:19:00+03:00
37.21961,33.76478,341.27,0.4,0.44,2026-09-01,1119,N,VIIRS,n,2.0NRT,309.22,3.73,D,2026-09-01 14:19:00+03:00
37.28106,35.84755,345.49,0.51,0.49,2026-09-01,1119,N,VIIRS,n,2.0NRT,309.11,27.82,D,2026-09-01 14:19:00+03:00
37.28153,35.85337,337.89,0.51,0.49,2026-09-01,1119,N,VIIRS,n,2.0NRT,303.84,3.13,D,2026-09-01 14:19:00+03:00
37.28325,35.81789,344.11,0.51,0.49,2026-09-01,1119,N,VIIRS,n,2.0NRT,306.33,12.82,D,2026-09-01 14:19:00+03:00
37.30942,35.74428,350.67,0.5,0.49,2026-09-01,1119,N,VIIRS,n,2.0NRT,309.97,24.15,D,2026-09-01 14:19:00+03:00
37.30972,35.80269,344.26,0.51,0.49,2026-09-01,1119,N,VIIRS,n,2.0NRT,304.38,5.26,D,2026-09-01 14:19:00+03:00
37.3213,35.83052,342.7,0.51,0.49,2026-09-01,1119,N,VIIRS,n,2.0NRT,305.69,5.32,D,2026-09-01 14:19:00+03:00
37.33318,35.75282,350.15,0.5,0.49,2026-09-01,1119,N,VIIRS,n,2.0NRT,304.16,10.21,D,2026-09-01 14:19:00+03:00
37.33417,35.76437,339.57,0.5,0.49,2026-09-01,1119,N,VIIRS,n,2.0NRT,304.86,3.74,D,2026-09-01 14:19:00+03:00
37.35717,35.94242,345.23,0.52,0.5,2026-09-01,1119,N,VIIRS,n,2.0NRT,305.35,13.4,D,2026-09-01 14:19:00+03:00
37.35878,35.94463,344.4,0.52,0.5,2026-09-01,1119,N,VIIRS,n,2.0NRT,306.33,11.37,D,2026-09-01 14:19:00+03:00
37.36319,39.60313,367.0,0.41,0.61,2026-09-01,1119,N,VIIRS,h,2.0NRT,310.45,17.93,D,2026-09-01 14:19:00+03:00
37.36884,39.60259,333.76,0.41,0.61,2026-09-01,1119,N,VIIRS,n,2.0NRT,302.16,17.93,D,2026-09-01 14:19:00+03:00
37.43018,38.56157,348.15,0.36,0.57,2026-09-01,1119,N,VIIRS,n,2.0NRT,306.31,3.08,D,2026-09-01 14:19:00+03:00
37.46452,32.54559,341.03,0.52,0.42,2026-09-01,1119,N,VIIRS,n,2.0NRT,308.56,3.03,D,2026-09-01 14:19:00+03:00
37.53949,39.09403,336.42,0.39,0.59,2026-09-01,1119,N,VIIRS,n,2.0NRT,306.41,5.51,D,2026-09-01 14:19:00+03:00
37.5445,39.08472,349.2,0.39,0.59,2026-09-01,1119,N,VIIRS,n,2.0NRT,308.91,6.83,D,2026-09-01 14:19:00+03:00
37.70845,38.48187,345.55,0.36,0.57,2026-09-01,1119,N,VIIRS,n,2.0NRT,304.47,5.61,D,2026-09-01 14:19:00+03:00
38.41222,36.04887,351.08,0.54,0.51,2026-09-01,1119,N,VIIRS,n,2.0NRT,306.43,10.58,D,2026-09-01 14:19:00+03:00
38.7142,34.24977,354.37,0.44,0.46,2026-09-01,1119,N,VIIRS,n,2.0NRT,314.71,8.83,D,2026-09-01 14:19:00+03:00
38.9085,32.84029,342.23,0.56,0.43,2026-09-01,1119,N,VIIRS,n,2.0NRT,313.72,8.12,D,2026-09-01 14:19:00+03:00
38.95559,31.90531,345.86,0.51,0.41,2026-09-01,1119,N,VIIRS,n,2.0NRT,314.22,28.3,D,2026-09-01 14:19:00+03:00
39.02625,34.68173,350.34,0.46,0.47,2026-09-01,1119,N,VIIRS,n,2.0NRT,311.42,7.73,D,2026-09-01 14:19:00+03:00
39.03157,34.69194,345.35,0.46,0.47,2026-09-01,1119,N,VIIRS,n,2.0NRT,315.74,11.58,D,2026-09-01 14:19:00+03:00
39.03548,34.68599,355.23,0.46,0.47,2026-09-01,1119,N,VIIRS,n,2.0NRT,315.2,22.12,D,2026-09-01 14:19:00+03:00
39.34133,34.89964,347.41,0.48,0.48,2026-09-01,1119,N,VIIRS,n,2.0NRT,310.38,2.93,D,2026-09-01 14:19:00+03:00
39.42281,34.61149,350.06,0.46,0.47,2026-09-01,1119,N,VIIRS,n,2.0NRT,311.9,25.55,D,2026-09-01 14:19:00+03:00
39.4272,34.61106,348.77,0.46,0.47,2026-09-01,1119,N,VIIRS,n,2.0NRT,315.88,25.55,D,2026-09-01 14:19:00+03:00
39.49744,33.63942,339.95,0.41,0.45,2026-09-01,1119,N,VIIRS,n,2.0NRT,307.34,3.1,D,2026-09-01 14:19:00+03:00
39.65992,27.99133,343.01,0.39,0.36,2026-09-01,1119,N,VIIRS,n,2.0NRT,312.93,12.23,D,2026-09-01 14:19:00+03:00
39.6626,27.98598,339.26,0.39,0.36,2026-09-01,1119,N,VIIRS,n,2.0NRT,314.02,4.93,D,2026-09-01 14:19:00+03:00
39.66325,27.99053,356.87,0.39,0.36,2026-09-01,1119,N,VIIRS,n,2.0NRT,317.64,10.31,D,2026-09-01 14:19:00+03:00
39.66658,27.98973,343.73,0.39,0.36,2026-09-01,1119,N,VIIRS,n,2.0NRT,313.71,10.31,D,2026-09-01 14:19:00+03:00
40.03368,32.7696,344.8,0.57,0.43,2026-09-01,1119,N,VIIRS,n,2.0NRT,310.0,8.65,D,2026-09-01 14:19:00+03:00
40.09155,34.46577,336.0,0.46,0.47,2026-09-01,1119,N,VIIRS,n,2.0NRT,309.17,3.0,D,2026-09-01 14:19:00+03:00
40.09595,34.46542,338.98,0.46,0.47,2026-09-01,1119,N,VIIRS,n,2.0NRT,307.66,3.0,D,2026-09-01 14:19:00+03:00
40.16829,34.48296,353.86,0.46,0.47,2026-09-01,1119,N,VIIRS,n,2.0NRT,311.39,22.62,D,2026-09-01 14:19:00+03:00
40.1727,34.48253,349.96,0.46,0.47,2026-09-01,1119,N,VIIRS,n,2.0NRT,307.45,9.42,D,2026-09-01 14:19:00+03:00
40.58918,34.18259,354.95,0.45,0.47,2026-09-01,1119,N,VIIRS,n,2.0NRT,308.27,6.7,D,2026-09-01 14:19:00+03:00
40.59395,34.18686,347.13,0.45,0.47,2026-09-01,1119,N,VIIRS,n,2.0NRT,308.1,6.7,D,2026-09-01 14:19:00+03:00
40.8252,35.38949,333.64,0.53,0.5,2026-09-01,1119,N,VIIRS,n,2.0NRT,304.68,2.47,D,2026-09-01 14:19:00+03:00
41.24383,36.46527,333.56,0.6,0.53,2026-09-01,1121,N,VIIRS,n,2.0NRT,299.44,3.08,D,2026-09-01 14:21:00+03:00
36.71772,36.20184,304.12,0.54,0.68,2026-08-30,35,N,VIIRS,n,2.0NRT,287.05,1.99,N,2026-08-30 03:35:00+03:00
36.72791,36.21308,303.9,0.54,0.68,2026-08-30,35,N,VIIRS,n,2.0NRT,287.01,1.35,N,2026-08-30 03:35:00+03:00
36.74487,36.2012,310.11,0.54,0.68,2026-08-30,35,N,VIIRS,n,2.0NRT,287.1,1.38,N,2026-08-30 03:35:00+03:00
36.7486,36.20282,304.89,0.54,0.68,2026-08-30,35,N,VIIRS,n,2.0NRT,286.97,1.16,N,2026-08-30 03:35:00+03:00
37.25269,30.4422,308.36,0.52,0.5,2026-08-30,35,N,VIIRS,n,2.0NRT,290.02,1.72,N,2026-08-30 03:35:00+03:00
37.89766,30.49164,298.95,0.51,0.49,2026-08-30,35,N,VIIRS,n,2.0NRT,286.74,1.12,N,2026-08-30 03:35:00+03:00
37.9378,32.53401,295.69,0.32,0.55,2026-08-30,35,N,VIIRS,n,2.0NRT,284.42,0.37,N,2026-08-30 03:35:00+03:00
38.14222,30.88852,302.57,0.53,0.5,2026-08-30,35,N,VIIRS,n,2.0NRT,287.5,1.47,N,2026-08-30 03:35:00+03:00
38.42564,27.21604,310.34,0.52,0.41,2026-08-30,35,N,VIIRS,n,2.0NRT,293.77,1.77,N,2026-08-30 03:35:00+03:00
38.66064,30.61877,302.02,0.5,0.49,2026-08-30,35,N,VIIRS,n,2.0NRT,284.8,0.83,N,2026-08-30 03:35:00+03:00
38.72605,26.94057,311.94,0.5,0.41,2026-08-30,35,N,VIIRS,n,2.0NRT,292.32,1.09,N,2026-08-30 03:35:00+03:00
38.73584,26.95008,312.05,0.5,0.41,2026-08-30,35,N,VIIRS,n,2.0NRT,293.39,2.49,N,2026-08-30 03:35:00+03:00
38.73928,26.93323,318.26,0.5,0.41,2026-08-30,35,N,VIIRS,n,2.0NRT,292.8,1.6,N,2026-08-30 03:35:00+03:00
38.74316,26.95258,309.18,0.5,0.41,2026-08-30,35,N,VIIRS,n,2.0NRT,293.52,1.25,N,2026-08-30 03:35:00+03:00
38.74432,26.9469,306.1,0.5,0.41,2026-08-30,35,N,VIIRS,n,2.0NRT,292.79,1.25,N,2026-08-30 03:35:00+03:00
39.11545,27.52231,303.82,0.52,0.41,2026-08-30,35,N,VIIRS,n,2.0NRT,291.79,1.72,N,2026-08-30 03:35:00+03:00
39.16744,27.62945,301.15,0.52,0.42,2026-08-30,35,N,VIIRS,n,2.0NRT,290.83,1.08,N,2026-08-30 03:35:00+03:00
39.48333,30.0406,303.38,0.45,0.47,2026-08-30,35,N,VIIRS,n,2.0NRT,286.68,1.12,N,2026-08-30 03:35:00+03:00
39.4851,30.04394,299.56,0.45,0.47,2026-08-30,35,N,VIIRS,n,2.0NRT,286.3,1.4,N,2026-08-30 03:35:00+03:00
40.26011,30.04163,302.62,0.43,0.46,2026-08-30,35,N,VIIRS,n,2.0NRT,288.81,0.81,N,2026-08-30 03:35:00+03:00
40.26029,30.04323,301.75,0.43,0.46,2026-08-30,35,N,VIIRS,n,2.0NRT,289.09,0.87,N,2026-08-30 03:35:00+03:00
40.75769,29.76117,311.6,0.4,0.45,2026-08-30,35,N,VIIRS,n,2.0NRT,291.41,1.5,N,2026-08-30 03:35:00+03:00
41.26287,27.55288,298.14,0.48,0.4,2026-08-30,35,N,VIIRS,n,2.0NRT,286.78,0.81,N,2026-08-30 03:35:00+03:00
36.37648,29.34056,305.55,0.48,0.48,2026-08-30,37,N,VIIRS,n,2.0NRT,293.97,1.14,N,2026-08-30 03:37:00+03:00
36.38082,29.34197,305.14,0.48,0.48,2026-08-30,37,N,VIIRS,n,2.0NRT,294.7,1.14,N,2026-08-30 03:37:00+03:00
36.40445,29.36086,305.02,0.48,0.48,2026-08-30,37,N,VIIRS,n,2.0NRT,293.85,1.22,N,2026-08-30 03:37:00+03:00
36.40892,29.36167,305.01,0.48,0.48,2026-08-30,37,N,VIIRS,n,2.0NRT,294.41,1.63,N,2026-08-30 03:37:00+03:00
36.44064,29.36215,304.95,0.48,0.48,2026-08-30,37,N,VIIRS,n,2.0NRT,293.98,1.0,N,2026-08-30 03:37:00+03:00
41.7989,26.70107,297.96,0.44,0.38,2026-08-30,37,N,VIIRS,n,2.0NRT,284.95,0.48,N,2026-08-30 03:37:00+03:00
36.69395,36.20311,337.04,0.43,0.46,2026-08-30,1015,N,VIIRS,n,2.0NRT,302.51,4.77,D,2026-08-30 13:15:00+03:00
36.71564,36.20105,338.51,0.43,0.46,2026-08-30,1015,N,VIIRS,n,2.0NRT,297.35,2.59,D,2026-08-30 13:15:00+03:00
36.74655,36.20075,336.47,0.43,0.46,2026-08-30,1015,N,VIIRS,n,2.0NRT,298.65,3.46,D,2026-08-30 13:15:00+03:00
36.74913,35.56184,333.26,0.46,0.47,2026-08-30,1015,N,VIIRS,n,2.0NRT,302.15,1.59,D,2026-08-30 13:15:00+03:00
36.91792,35.87771,348.5,0.44,0.46,2026-08-30,1015,N,VIIRS,n,2.0NRT,303.27,6.63,D,2026-08-30 13:15:00+03:00
36.91976,35.88011,340.27,0.44,0.46,2026-08-30,1015,N,VIIRS,n,2.0NRT,300.64,4.44,D,2026-08-30 13:15:00+03:00
37.06504,36.05982,337.91,0.43,0.46,2026-08-30,1015,N,VIIRS,n,2.0NRT,304.96,9.32,D,2026-08-30 13:15:00+03:00
37.06608,36.06458,341.54,0.43,0.46,2026-08-30,1015,N,VIIRS,n,2.0NRT,301.1,9.32,D,2026-08-30 13:15:00+03:00
37.06904,36.06002,354.7,0.43,0.46,2026-08-30,1015,N,VIIRS,n,2.0NRT,299.31,18.71,D,2026-08-30 13:15:00+03:00
37.06917,36.05841,341.92,0.43,0.46,2026-08-30,1015,N,VIIRS,n,2.0NRT,298.43,9.32,D,2026-08-30 13:15:00+03:00
37.0702,36.06318,334.41,0.43,0.46,2026-08-30,1015,N,VIIRS,n,2.0NRT,298.21,9.32,D,2026-08-30 13:15:00+03:00
37.07623,36.05249,342.19,0.43,0.46,2026-08-30,1015,N,VIIRS,n,2.0NRT,301.6,9.65,D,2026-08-30 13:15:00+03:00
37.07639,36.05086,348.9,0.43,0.46,2026-08-30,1015,N,VIIRS,n,2.0NRT,302.22,7.4,D,2026-08-30 13:15:00+03:00
37.07947,36.06515,337.17,0.43,0.46,2026-08-30,1015,N,VIIRS,n,2.0NRT,299.94,4.02,D,2026-08-30 13:15:00+03:00
37.08121,36.01495,344.41,0.43,0.46,2026-08-30,1015,N,VIIRS,n,2.0NRT,301.25,9.44,D,2026-08-30 13:15:00+03:00
37.08141,36.05587,338.88,0.43,0.46,2026-08-30,1015,N,VIIRS,n,2.0NRT,300.81,17.8,D,2026-08-30 13:15:00+03:00
37.08246,36.0606,350.34,0.43,0.46,2026-08-30,1015,N,VIIRS,n,2.0NRT,305.76,17.8,D,2026-08-30 13:15:00+03:00
37.08351,36.06535,343.91,0.43,0.46,2026-08-30,1015,N,VIIRS,n,2.0NRT,301.92,7.56,D,2026-08-30 13:15:00+03:00
37.08428,36.00876,349.16,0.43,0.46,2026-08-30,1015,N,VIIRS,n,2.0NRT,303.79,7.54,D,2026-08-30 13:15:00+03:00
37.08447,36.04971,367.0,0.43,0.46,2026-08-30,1015,N,VIIRS,h,2.0NRT,304.17,10.36,D,2026-08-30 13:15:00+03:00
37.10895,36.2024,342.79,0.42,0.45,2026-08-30,1015,N,VIIRS,n,2.0NRT,304.0,2.97,D,2026-08-30 13:15:00+03:00
37.10965,36.20355,353.79,0.42,0.45,2026-08-30,1015,N,VIIRS,n,2.0NRT,305.86,8.23,D,2026-08-30 13:15:00+03:00
37.10995,36.20709,342.84,0.42,0.45,2026-08-30,1015,N,VIIRS,n,2.0NRT,302.77,5.26,D,2026-08-30 13:15:00+03:00
37.14101,35.96368,340.89,0.43,0.46,2026-08-30,1015,N,VIIRS,n,2.0NRT,300.56,2.64,D,2026-08-30 13:15:00+03:00
37.18715,36.893,341.65,0.39,0.44,2026-08-30,1015,N,VIIRS,n,2.0NRT,306.79,3.72,D,2026-08-30 13:15:00+03:00
37.20239,35.77845,342.06,0.44,0.46,2026-08-30,1015,N,VIIRS,n,2.0NRT,304.17,5.61,D,2026-08-30 13:15:00+03:00
37.24272,35.84626,353.72,0.44,0.46,2026-08-30,1015,N,VIIRS,n,2.0NRT,312.81,25.42,D,2026-08-30 13:15:00+03:00
37.24332,35.84289,337.49,0.44,0.46,2026-08-30,1015,N,VIIRS,n,2.0NRT,303.04,11.35,D,2026-08-30 13:15:00+03:00
37.24438,35.84774,349.34,0.44,0.46,2026-08-30,1015,N,VIIRS,n,2.0NRT,311.9,51.13,D,2026-08-30 13:15:00+03:00
37.24686,35.84484,353.94,0.44,0.46,2026-08-30,1015,N,VIIRS,n,2.0NRT,301.63,25.42,D,2026-08-30 13:15:00+03:00
37.26962,35.82665,344.5,0.44,0.46,2026-08-30,1015,N,VIIRS,n,2.0NRT,304.37,6.48,D,2026-08-30 13:15:00+03:00
37.27777,35.80302,349.57,0.44,0.46,2026-08-30,1015,N,VIIRS,n,2.0NRT,306.61,8.54,D,2026-08-30 13:15:00+03:00
37.35046,39.47998,338.82,0.45,0.39,2026-08-30,1015,N,VIIRS,n,2.0NRT,305.82,12.15,D,2026-08-30 13:15:00+03:00
37.35398,39.47895,339.23,0.45,0.39,2026-08-30,1015,N,VIIRS,n,2.0NRT,304.98,27.22,D,2026-08-30 13:15:00+03:00
37.41671,36.91511,340.85,0.39,0.44,2026-08-30,1015,N,VIIRS,n,2.0NRT,305.71,3.57,D,2026-08-30 13:15:00+03:00
37.53436,39.43989,336.34,0.45,0.39,2026-08-30,1015,N,VIIRS,n,2.0NRT,303.93,2.94,D,2026-08-30 13:15:00+03:00
37.53571,39.43752,342.22,0.45,0.39,2026-08-30,1015,N,VIIRS,n,2.0NRT,305.81,4.47,D,2026-08-30 13:15:00+03:00
37.53665,39.44253,330.78,0.45,0.39,2026-08-30,1015,N,VIIRS,n,2.0NRT,303.53,3.42,D,2026-08-30 13:15:00+03:00
37.53788,39.43885,340.34,0.45,0.39,2026-08-30,1015,N,VIIRS,n,2.0NRT,307.21,4.97,D,2026-08-30 13:15:00+03:00
37.57746,39.32358,333.11,0.45,0.39,2026-08-30,1015,N,VIIRS,n,2.0NRT,300.87,2.05,D,2026-08-30 13:15:00+03:00
37.72589,37.4004,332.3,0.54,0.42,2026-08-30,1015,N,VIIRS,n,2.0NRT,299.97,2.89,D,2026-08-30 13:15:00+03:00
38.0159,40.19723,348.98,0.42,0.38,2026-08-30,1015,N,VIIRS,n,2.0NRT,313.57,11.34,D,2026-08-30 13:15:00+03:00
38.01932,40.19627,347.86,0.42,0.38,2026-08-30,1015,N,VIIRS,n,2.0NRT,309.9,12.9,D,2026-08-30 13:15:00+03:00
38.14111,37.05714,330.06,0.55,0.43,2026-08-30,1017,N,VIIRS,n,2.0NRT,303.75,3.38,D,2026-08-30 13:17:00+03:00
39.02488,40.96437,336.47,0.4,0.37,2026-08-30,1017,N,VIIRS,n,2.0NRT,308.23,1.42,D,2026-08-30 13:17:00+03:00
40.21288,28.88447,340.95,0.42,0.61,2026-08-30,1017,N,VIIRS,n,2.0NRT,295.4,4.29,D,2026-08-30 13:17:00+03:00
40.25743,29.37913,337.86,0.39,0.6,2026-08-30,1017,N,VIIRS,n,2.0NRT,294.42,3.45,D,2026-08-30 13:17:00+03:00
41.24214,36.46365,336.38,0.51,0.41,2026-08-30,1017,N,VIIRS,n,2.0NRT,292.67,4.65,D,2026-08-30 13:17:00+03:00
41.24308,36.46501,334.59,0.51,0.41,2026-08-30,1017,N,VIIRS,n,2.0NRT,291.36,3.52,D,2026-08-30 13:17:00+03:00
37.24333,31.30306,342.07,0.48,0.65,2026-08-30,1157,N,VIIRS,n,2.0NRT,289.65,8.46,D,2026-08-30 14:57:00+03:00
37.24352,31.30744,367.0,0.48,0.65,2026-08-30,1157,N,VIIRS,h,2.0NRT,290.73,8.46,D,2026-08-30 14:57:00+03:00
37.24446,31.30445,367.0,0.48,0.65,2026-08-30,1157,N,VIIRS,h,2.0NRT,291.63,11.92,D,2026-08-30 14:57:00+03:00
37.24464,31.30907,356.91,0.48,0.65,2026-08-30,1157,N,VIIRS,n,2.0NRT,291.51,11.92,D,2026-08-30 14:57:00+03:00
37.24949,31.30554,346.92,0.48,0.65,2026-08-30,1157,N,VIIRS,n,2.0NRT,289.31,8.85,D,2026-08-30 14:57:00+03:00
37.24969,31.31028,367.0,0.48,0.65,2026-08-30,1157,N,VIIRS,h,2.0NRT,292.56,16.52,D,2026-08-30 14:57:00+03:00
37.25061,31.30688,347.63,0.48,0.65,2026-08-30,1157,N,VIIRS,n,2.0NRT,290.06,11.92,D,2026-08-30 14:57:00+03:00
37.25079,31.31168,338.77,0.48,0.65,2026-08-30,1157,N,VIIRS,n,2.0NRT,289.59,19.26,D,2026-08-30 14:57:00+03:00
37.86639,29.10185,333.29,0.37,0.58,2026-08-30,1157,N,VIIRS,n,2.0NRT,301.18,2.08,D,2026-08-30 14:57:00+03:00
38.69274,30.73166,334.42,0.46,0.63,2026-08-30,1157,N,VIIRS,n,2.0NRT,293.81,2.9,D,2026-08-30 14:57:00+03:00
38.94498,34.6409,342.27,0.74,0.76,2026-08-30,1157,N,VIIRS,n,2.0NRT,286.66,14.34,D,2026-08-30 14:57:00+03:00
38.94504,34.64902,349.66,0.74,0.76,2026-08-30,1157,N,VIIRS,n,2.0NRT,288.79,20.38,D,2026-08-30 14:57:00+03:00
36.79902,30.58013,345.16,0.48,0.65,2026-08-29,56,N,VIIRS,n,2.0NRT,295.71,8.37,N,2026-08-29 03:56:00+03:00
36.80082,30.57385,349.97,0.48,0.65,2026-08-29,56,N,VIIRS,n,2.0NRT,294.58,8.37,N,2026-08-29 03:56:00+03:00
36.80492,30.58199,316.68,0.48,0.65,2026-08-29,56,N,VIIRS,n,2.0NRT,294.55,2.58,N,2026-08-29 03:56:00+03:00
36.80705,30.57457,324.54,0.48,0.65,2026-08-29,56,N,VIIRS,n,2.0NRT,293.54,2.58,N,2026-08-29 03:56:00+03:00
37.25174,30.44214,305.04,0.46,0.64,2026-08-29,56,N,VIIRS,n,2.0NRT,288.64,0.98,N,2026-08-29 03:56:00+03:00
37.84857,27.70717,301.55,0.32,0.55,2026-08-29,56,N,VIIRS,n,2.0NRT,289.47,0.46,N,2026-08-29 03:56:00+03:00
38.14212,30.88514,295.36,0.46,0.64,2026-08-29,56,N,VIIRS,n,2.0NRT,283.23,1.22,N,2026-08-29 03:56:00+03:00
38.14231,30.88737,298.16,0.46,0.64,2026-08-29,56,N,VIIRS,n,2.0NRT,284.05,0.96,N,2026-08-29 03:56:00+03:00
38.73371,26.94963,301.33,0.56,0.52,2026-08-29,56,N,VIIRS,n,2.0NRT,290.6,1.17,N,2026-08-29 03:56:00+03:00
38.73525,26.94347,302.42,0.56,0.52,2026-08-29,56,N,VIIRS,n,2.0NRT,291.86,1.17,N,2026-08-29 03:56:00+03:00
38.73763,26.94962,304.89,0.56,0.52,2026-08-29,56,N,VIIRS,n,2.0NRT,291.83,1.78,N,2026-08-29 03:56:00+03:00
38.73916,26.94332,308.09,0.56,0.52,2026-08-29,56,N,VIIRS,n,2.0NRT,291.4,2.25,N,2026-08-29 03:56:00+03:00
38.7398,26.94544,306.39,0.56,0.52,2026-08-29,56,N,VIIRS,n,2.0NRT,291.64,1.17,N,2026-08-29 03:56:00+03:00
38.74438,26.94728,303.02,0.56,0.52,2026-08-29,56,N,VIIRS,n,2.0NRT,290.44,1.01,N,2026-08-29 03:56:00+03:00
36.39811,29.35123,344.2,0.56,0.52,2026-08-29,1036,N,VIIRS,n,2.0NRT,308.99,77.62,D,2026-08-29 13:36:00+03:00
36.40121,29.34312,342.6,0.56,0.52,2026-08-29,1036,N,VIIRS,n,2.0NRT,300.55,9.58,D,2026-08-29 13:36:00+03:00
36.40252,29.34778,345.21,0.56,0.52,2026-08-29,1036,N,VIIRS,n,2.0NRT,303.43,8.79,D,2026-08-29 13:36:00+03:00
36.40268,29.34934,343.06,0.56,0.52,2026-08-29,1036,N,VIIRS,n,2.0NRT,302.7,9.06,D,2026-08-29 13:36:00+03:00
36.40712,29.34601,332.63,0.56,0.52,2026-08-29,1036,N,VIIRS,n,2.0NRT,302.88,8.79,D,2026-08-29 13:36:00+03:00
36.40728,29.34756,333.05,0.56,0.52,2026-08-29,1036,N,VIIRS,n,2.0NRT,302.9,9.06,D,2026-08-29 13:36:00+03:00
36.41022,29.33804,345.38,0.56,0.52,2026-08-29,1036,N,VIIRS,n,2.0NRT,309.88,23.81,D,2026-08-29 13:36:00+03:00
36.41041,29.33955,353.98,0.56,0.52,2026-08-29,1036,N,VIIRS,n,2.0NRT,311.6,37.4,D,2026-08-29 13:36:00+03:00
36.41055,29.36012,348.02,0.56,0.52,2026-08-29,1036,N,VIIRS,n,2.0NRT,305.29,24.3,D,2026-08-29 13:36:00+03:00
36.41079,29.36248,352.67,0.56,0.52,2026-08-29,1036,N,VIIRS,n,2.0NRT,302.47,17.99,D,2026-08-29 13:36:00+03:00
36.41174,29.34433,345.69,0.56,0.52,2026-08-29,1036,N,VIIRS,n,2.0NRT,305.37,23.81,D,2026-08-29 13:36:00+03:00
36.4119,29.34587,351.08,0.56,0.52,2026-08-29,1036,N,VIIRS,n,2.0NRT,307.14,22.98,D,2026-08-29 13:36:00+03:00
36.41332,29.35084,367.0,0.56,0.52,2026-08-29,1036,N,VIIRS,h,2.0NRT,305.89,53.03,D,2026-08-29 13:36:00+03:00
36.41349,29.35267,356.57,0.56,0.52,2026-08-29,1036,N,VIIRS,n,2.0NRT,305.92,22.98,D,2026-08-29 13:36:00+03:00
36.41484,29.33638,349.78,0.56,0.52,2026-08-29,1036,N,VIIRS,n,2.0NRT,304.57,23.81,D,2026-08-29 13:36:00+03:00
36.41504,29.33788,367.0,0.56,0.52,2026-08-29,1036,N,VIIRS,h,2.0NRT,305.81,37.4,D,2026-08-29 13:36:00+03:00
36.41534,29.36055,367.0,0.56,0.52,2026-08-29,1036,N,VIIRS,h,2.0NRT,331.97,94.4,D,2026-08-29 13:36:00+03:00
36.41637,29.3427,350.28,0.56,0.52,2026-08-29,1036,N,VIIRS,n,2.0NRT,306.73,23.81,D,2026-08-29 13:36:00+03:00
36.41654,29.34429,367.0,0.56,0.52,2026-08-29,1036,N,VIIRS,h,2.0NRT,307.1,22.98,D,2026-08-29 13:36:00+03:00
36.41761,29.36852,343.01,0.56,0.52,2026-08-29,1036,N,VIIRS,n,2.0NRT,307.83,67.11,D,2026-08-29 13:36:00+03:00
36.41786,29.3713,341.99,0.56,0.52,2026-08-29,1036,N,VIIRS,n,2.0NRT,300.14,94.4,D,2026-08-29 13:36:00+03:00
36.41793,29.34916,353.34,0.56,0.52,2026-08-29,1036,N,VIIRS,n,2.0NRT,306.64,53.03,D,2026-08-29 13:36:00+03:00
36.4181,29.35091,353.43,0.56,0.52,2026-08-29,1036,N,VIIRS,n,2.0NRT,306.31,22.98,D,2026-08-29 13:36:00+03:00
36.41946,29.3347,349.92,0.56,0.52,2026-08-29,1036,N,VIIRS,n,2.0NRT,315.61,54.69,D,2026-08-29 13:36:00+03:00
36.41967,29.33628,347.93,0.56,0.52,2026-08-29,1036,N,VIIRS,n,2.0NRT,312.14,135.11,D,2026-08-29 13:36:00+03:00
36.41974,29.35662,352.86,0.56,0.52,2026-08-29,1036,N,VIIRS,n,2.0NRT,307.71,53.03,D,2026-08-29 13:36:00+03:00
36.41991,29.35866,356.76,0.56,0.52,2026-08-29,1036,N,VIIRS,n,2.0NRT,309.96,94.4,D,2026-08-29 13:36:00+03:00
36.42101,29.34108,353.81,0.56,0.52,2026-08-29,1036,N,VIIRS,n,2.0NRT,318.9,54.69,D,2026-08-29 13:36:00+03:00
36.42117,29.34266,354.6,0.56,0.52,2026-08-29,1036,N,VIIRS,n,2.0NRT,321.9,44.06,D,2026-08-29 13:36:00+03:00
36.42206,29.36617,340.9,0.56,0.52,2026-08-29,1036,N,VIIRS,n,2.0NRT,299.9,67.11,D,2026-08-29 13:36:00+03:00
36.42258,29.34762,367.0,0.56,0.52,2026-08-29,1036,N,VIIRS,h,2.0NRT,320.7,45.71,D,2026-08-29 13:36:00+03:00
36.4227,29.34917,367.0,0.56,0.52,2026-08-29,1036,N,VIIRS,h,2.0NRT,315.31,44.06,D,2026-08-29 13:36:00+03:00
36.4241,29.3331,353.83,0.56,0.52,2026-08-29,1036,N,VIIRS,n,2.0NRT,319.18,54.69,D,2026-08-29 13:36:00+03:00
36.42429,29.35468,354.96,0.56,0.52,2026-08-29,1036,N,VIIRS,n,2.0NRT,311.42,45.71,D,2026-08-29 13:36:00+03:00
36.42445,29.35664,348.09,0.56,0.52,2026-08-29,1036,N,VIIRS,n,2.0NRT,311.71,81.58,D,2026-08-29 13:36:00+03:00
36.42566,29.33954,356.91,0.56,0.52,2026-08-29,1036,N,VIIRS,n,2.0NRT,313.53,54.69,D,2026-08-29 13:36:00+03:00
36.42581,29.34103,356.86,0.56,0.52,2026-08-29,1036,N,VIIRS,n,2.0NRT,316.7,44.06,D,2026-08-29 13:36:00+03:00
36.42651,29.36382,343.97,0.56,0.52,2026-08-29,1036,N,VIIRS,n,2.0NRT,312.34,80.22,D,2026-08-29 13:36:00+03:00
36.4267,29.3663,342.06,0.56,0.52,2026-08-29,1036,N,VIIRS,n,2.0NRT,303.93,81.58,D,2026-08-29 13:36:00+03:00
36.4272,29.34595,357.37,0.56,0.52,2026-08-29,1036,N,VIIRS,n,2.0NRT,312.02,45.71,D,2026-08-29 13:36:00+03:00
36.42732,29.3475,367.0,0.56,0.52,2026-08-29,1036,N,VIIRS,h,2.0NRT,313.0,44.06,D,2026-08-29 13:36:00+03:00
36.42876,29.33161,367.0,0.56,0.52,2026-08-29,1036,N,VIIRS,h,2.0NRT,335.77,83.84,D,2026-08-29 13:36:00+03:00
36.42885,29.35275,353.5,0.56,0.52,2026-08-29,1036,N,VIIRS,n,2.0NRT,316.59,45.71,D,2026-08-29 13:36:00+03:00
36.43029,29.3379,351.61,0.56,0.52,2026-08-29,1036,N,VIIRS,n,2.0NRT,312.61,83.84,D,2026-08-29 13:36:00+03:00
36.43096,29.36148,344.16,0.56,0.52,2026-08-29,1036,N,VIIRS,n,2.0NRT,317.51,80.22,D,2026-08-29 13:36:00+03:00
36.43112,29.36379,343.28,0.56,0.52,2026-08-29,1036,N,VIIRS,n,2.0NRT,308.38,81.58,D,2026-08-29 13:36:00+03:00
36.43179,29.34413,367.0,0.56,0.52,2026-08-29,1036,N,VIIRS,h,2.0NRT,317.18,26.26,D,2026-08-29 13:36:00+03:00
36.43336,29.32981,347.8,0.56,0.52,2026-08-29,1036,N,VIIRS,n,2.0NRT,317.75,83.84,D,2026-08-29 13:36:00+03:00
36.43336,29.35063,353.27,0.56,0.52,2026-08-29,1036,N,VIIRS,n,2.0NRT,313.69,26.26,D,2026-08-29 13:36:00+03:00
36.43486,29.33601,367.0,0.56,0.52,2026-08-29,1036,N,VIIRS,h,2.0NRT,307.44,83.84,D,2026-08-29 13:36:00+03:00
36.43534,29.35884,344.42,0.56,0.52,2026-08-29,1036,N,VIIRS,n,2.0NRT,310.2,30.71,D,2026-08-29 13:36:00+03:00
36.43632,29.34211,367.0,0.56,0.52,2026-08-29,1036,N,VIIRS,h,2.0NRT,309.58,26.26,D,2026-08-29 13:36:00+03:00
36.43785,29.34846,348.09,0.56,0.52,2026-08-29,1036,N,VIIRS,n,2.0NRT,308.96,26.26,D,2026-08-29 13:36:00+03:00
36.43947,29.33432,346.24,0.56,0.52,2026-08-29,1036,N,VIIRS,n,2.0NRT,307.06,8.04,D,2026-08-29 13:36:00+03:00
36.43968,29.35606,341.62,0.56,0.52,2026-08-29,1036,N,VIIRS,n,2.0NRT,303.85,30.71,D,2026-08-29 13:36:00+03:00
36.44096,29.34049,341.02,0.56,0.52,2026-08-29,1036,N,VIIRS,n,2.0NRT,308.35,9.87,D,2026-08-29 13:36:00+03:00
36.4441,29.33267,344.44,0.56,0.52,2026-08-29,1036,N,VIIRS,n,2.0NRT,307.99,8.04,D,2026-08-29 13:36:00+03:00
36.44565,29.33914,342.0,0.56,0.52,2026-08-29,1036,N,VIIRS,n,2.0NRT,311.15,9.87,D,2026-08-29 13:36:00+03:00
36.45169,29.3434,341.4,0.56,0.52,2026-08-29,1036,N,VIIRS,n,2.0NRT,309.81,7.84,D,2026-08-29 13:36:00+03:00
36.45627,29.34157,348.88,0.56,0.52,2026-08-29,1036,N,VIIRS,n,2.0NRT,306.75,7.84,D,2026-08-29 13:36:00+03:00
37.07429,40.20323,348.53,0.4,0.37,2026-08-29,1036,N,VIIRS,n,2.0NRT,316.9,8.04,D,2026-08-29 13:36:00+03:00
37.20098,39.523,344.35,0.39,0.36,2026-08-29,1036,N,VIIRS,n,2.0NRT,310.21,2.72,D,2026-08-29 13:36:00+03:00
37.2701,39.69279,334.49,0.39,0.36,2026-08-29,1036,N,VIIRS,n,2.0NRT,305.36,2.29,D,2026-08-29 13:36:00+03:00
37.44467,41.13873,347.04,0.42,0.38,2026-08-29,1036,N,VIIRS,n,2.0NRT,317.47,6.67,D,2026-08-29 13:36:00+03:00
37.47256,43.52773,341.17,0.52,0.41,2026-08-29,1036,N,VIIRS,n,2.0NRT,310.71,7.55,D,2026-08-29 13:36:00+03:00
37.51519,42.40933,346.5,0.46,0.39,2026-08-29,1036,N,VIIRS,n,2.0NRT,321.25,14.97,D,2026-08-29 13:36:00+03:00
37.5578,39.48537,337.4,0.39,0.36,2026-08-29,1036,N,VIIRS,n,2.0NRT,310.52,3.44,D,2026-08-29 13:36:00+03:00
37.7486,39.21375,343.22,0.39,0.36,2026-08-29,1036,N,VIIRS,n,2.0NRT,306.25,5.08,D,2026-08-29 13:36:00+03:00
37.94064,30.51851,351.31,0.45,0.47,2026-08-29,1036,N,VIIRS,n,2.0NRT,302.43,6.68,D,2026-08-29 13:36:00+03:00
38.22453,41.80363,352.16,0.45,0.39,2026-08-29,1036,N,VIIRS,n,2.0NRT,313.54,6.41,D,2026-08-29 13:36:00+03:00
38.22801,41.80226,342.29,0.45,0.39,2026-08-29,1036,N,VIIRS,n,2.0NRT,311.06,6.41,D,2026-08-29 13:36:00+03:00
38.47542,31.49876,337.35,0.39,0.44,2026-08-29,1036,N,VIIRS,n,2.0NRT,298.9,4.3,D,2026-08-29 13:36:00+03:00
38.48128,31.50625,347.33,0.39,0.44,2026-08-29,1036,N,VIIRS,n,2.0NRT,303.63,6.02,D,2026-08-29 13:36:00+03:00
38.48223,31.51068,342.5,0.39,0.44,2026-08-29,1036,N,VIIRS,n,2.0NRT,302.05,6.02,D,2026-08-29 13:36:00+03:00
38.48619,31.50931,345.08,0.39,0.44,2026-08-29,1036,N,VIIRS,n,2.0NRT,305.09,9.86,D,2026-08-29 13:36:00+03:00
38.48714,31.51373,340.6,0.39,0.44,2026-08-29,1036,N,VIIRS,n,2.0NRT,302.52,4.99,D,2026-08-29 13:36:00+03:00
38.49109,31.51237,346.65,0.39,0.44,2026-08-29,1036,N,VIIRS,n,2.0NRT,303.89,4.99,D,2026-08-29 13:36:00+03:00
38.49409,31.50658,335.42,0.39,0.44,2026-08-29,1036,N,VIIRS,n,2.0NRT,304.61,2.87,D,2026-08-29 13:36:00+03:00
38.50183,31.5229,343.73,0.39,0.44,2026-08-29,1036,N,VIIRS,n,2.0NRT,301.99,3.73,D,2026-08-29 13:36:00+03:00
39.53087,42.87307,348.03,0.51,0.41,2026-08-29,1036,N,VIIRS,n,2.0NRT,313.0,8.22,D,2026-08-29 13:36:00+03:00
39.5315,42.87888,345.87,0.51,0.41,2026-08-29,1036,N,VIIRS,n,2.0NRT,310.62,8.22,D,2026-08-29 13:36:00+03:00
40.08124,32.79886,339.82,0.49,0.4,2026-08-29,1036,N,VIIRS,n,2.0NRT,299.73,6.74,D,2026-08-29 13:36:00+03:00
40.70309,26.51152,331.14,0.62,0.54,2026-08-29,1038,N,VIIRS,n,2.0NRT,300.59,7.26,D,2026-08-29 13:38:00+03:00
40.70488,26.51852,341.09,0.62,0.54,2026-08-29,1038,N,VIIRS,n,2.0NRT,302.02,7.26,D,2026-08-29 13:38:00+03:00
36.36619,29.34109,356.27,0.67,0.74,2026-08-29,1217,N,VIIRS,n,2.0NRT,304.78,42.14,D,2026-08-29 15:17:00+03:00
36.36636,29.34863,355.11,0.67,0.74,2026-08-29,1217,N,VIIRS,n,2.0NRT,297.71,42.14,D,2026-08-29 15:17:00+03:00
36.3731,29.34043,354.9,0.67,0.74,2026-08-29,1217,N,VIIRS,n,2.0NRT,305.52,42.14,D,2026-08-29 15:17:00+03:00
36.37326,29.34794,367.0,0.67,0.74,2026-08-29,1217,N,VIIRS,h,2.0NRT,302.63,42.14,D,2026-08-29 15:17:00+03:00
36.37342,29.35527,367.0,0.67,0.74,2026-08-29,1217,N,VIIRS,h,2.0NRT,300.75,50.55,D,2026-08-29 15:17:00+03:00
36.38,29.33982,343.9,0.67,0.74,2026-08-29,1217,N,VIIRS,n,2.0NRT,315.33,92.88,D,2026-08-29 15:17:00+03:00
36.38018,29.34747,367.0,0.67,0.74,2026-08-29,1217,N,VIIRS,h,2.0NRT,304.56,92.88,D,2026-08-29 15:17:00+03:00
36.38034,29.35485,367.0,0.67,0.74,2026-08-29,1217,N,VIIRS,h,2.0NRT,304.7,31.12,D,2026-08-29 15:17:00+03:00
36.3805,29.36189,330.54,0.67,0.74,2026-08-29,1217,N,VIIRS,n,2.0NRT,295.39,31.12,D,2026-08-29 15:17:00+03:00
36.38675,29.33232,343.88,0.67,0.74,2026-08-29,1217,N,VIIRS,n,2.0NRT,301.5,91.36,D,2026-08-29 15:17:00+03:00
36.38692,29.33972,367.0,0.67,0.74,2026-08-29,1217,N,VIIRS,h,2.0NRT,320.08,92.88,D,2026-08-29 15:17:00+03:00
36.3871,29.34753,367.0,0.67,0.74,2026-08-29,1217,N,VIIRS,h,2.0NRT,302.21,92.88,D,2026-08-29 15:17:00+03:00
36.38726,29.35481,367.0,0.67,0.74,2026-08-29,1217,N,VIIRS,h,2.0NRT,300.49,31.12,D,2026-08-29 15:17:00+03:00
36.39368,29.33298,338.02,0.67,0.74,2026-08-29,1217,N,VIIRS,n,2.0NRT,307.33,78.61,D,2026-08-29 15:17:00+03:00
36.39403,29.34783,367.0,0.67,0.74,2026-08-29,1217,N,VIIRS,h,2.0NRT,301.74,95.05,D,2026-08-29 15:17:00+03:00
36.39445,29.36636,347.53,0.67,0.74,2026-08-29,1217,N,VIIRS,n,2.0NRT,297.65,156.81,D,2026-08-29 15:17:00+03:00
36.39456,29.37093,367.0,0.67,0.74,2026-08-29,1217,N,VIIRS,h,2.0NRT,304.59,156.81,D,2026-08-29 15:17:00+03:00
36.39467,29.37598,348.45,0.68,0.74,2026-08-29,1217,N,VIIRS,n,2.0NRT,295.51,86.85,D,2026-08-29 15:17:00+03:00
36.39479,29.38125,339.34,0.68,0.74,2026-08-29,1217,N,VIIRS,n,2.0NRT,292.75,86.85,D,2026-08-29 15:17:00+03:00
36.39491,29.38656,332.41,0.68,0.74,2026-08-29,1217,N,VIIRS,n,2.0NRT,291.77,12.46,D,2026-08-29 15:17:00+03:00
36.40018,29.33288,367.0,0.67,0.74,2026-08-29,1217,N,VIIRS,h,2.0NRT,304.05,22.81,D,2026-08-29 15:17:00+03:00
36.40031,29.34022,367.0,0.67,0.74,2026-08-29,1217,N,VIIRS,h,2.0NRT,306.1,22.81,D,2026-08-29 15:17:00+03:00
36.40045,29.34768,337.19,0.67,0.74,2026-08-29,1217,N,VIIRS,n,2.0NRT,300.39,38.34,D,2026-08-29 15:17:00+03:00
36.40061,29.33337,367.0,0.67,0.74,2026-08-29,1217,N,VIIRS,h,2.0NRT,303.69,78.61,D,2026-08-29 15:17:00+03:00
36.40069,29.3607,354.45,0.67,0.74,2026-08-29,1217,N,VIIRS,n,2.0NRT,308.15,102.29,D,2026-08-29 15:17:00+03:00
36.40078,29.34071,367.0,0.67,0.74,2026-08-29,1217,N,VIIRS,h,2.0NRT,305.4,95.05,D,2026-08-29 15:17:00+03:00
36.40094,29.37411,367.0,0.68,0.74,2026-08-29,1217,N,VIIRS,h,2.0NRT,320.85,188.96,D,2026-08-29 15:17:00+03:00
36.40096,29.34818,334.81,0.67,0.74,2026-08-29,1217,N,VIIRS,n,2.0NRT,300.31,95.05,D,2026-08-29 15:17:00+03:00
36.40103,29.37926,350.07,0.68,0.74,2026-08-29,1217,N,VIIRS,n,2.0NRT,295.36,86.4,D,2026-08-29 15:17:00+03:00
36.40112,29.38458,337.45,0.68,0.74,2026-08-29,1217,N,VIIRS,n,2.0NRT,294.05,86.4,D,2026-08-29 15:17:00+03:00
36.40126,29.36095,354.06,0.67,0.74,2026-08-29,1217,N,VIIRS,n,2.0NRT,309.51,91.42,D,2026-08-29 15:17:00+03:00
36.40156,29.37425,367.0,0.68,0.74,2026-08-29,1217,N,VIIRS,h,2.0NRT,319.47,86.85,D,2026-08-29 15:17:00+03:00
36.40168,29.37936,349.56,0.68,0.74,2026-08-29,1217,N,VIIRS,n,2.0NRT,295.44,86.85,D,2026-08-29 15:17:00+03:00
36.4018,29.38466,337.28,0.68,0.74,2026-08-29,1217,N,VIIRS,n,2.0NRT,294.1,12.46,D,2026-08-29 15:17:00+03:00
36.40709,29.3328,352.05,0.67,0.74,2026-08-29,1217,N,VIIRS,n,2.0NRT,301.92,22.81,D,2026-08-29 15:17:00+03:00
36.40753,29.33332,351.36,0.67,0.74,2026-08-29,1217,N,VIIRS,n,2.0NRT,301.86,8.84,D,2026-08-29 15:17:00+03:00
36.4076,29.35986,367.0,0.67,0.74,2026-08-29,1217,N,VIIRS,h,2.0NRT,302.88,102.29,D,2026-08-29 15:17:00+03:00
36.40768,29.36447,367.0,0.67,0.74,2026-08-29,1217,N,VIIRS,h,2.0NRT,305.91,102.29,D,2026-08-29 15:17:00+03:00
36.40776,29.36853,349.59,0.68,0.74,2026-08-29,1217,N,VIIRS,n,2.0NRT,304.19,188.96,D,2026-08-29 15:17:00+03:00
36.40793,29.37758,367.0,0.68,0.74,2026-08-29,1217,N,VIIRS,h,2.0NRT,297.42,86.4,D,2026-08-29 15:17:00+03:00
36.40816,29.36012,367.0,0.67,0.74,2026-08-29,1217,N,VIIRS,h,2.0NRT,302.75,18.05,D,2026-08-29 15:17:00+03:00
36.40827,29.3647,367.0,0.67,0.74,2026-08-29,1217,N,VIIRS,h,2.0NRT,304.07,56.91,D,2026-08-29 15:17:00+03:00
36.40837,29.36872,353.33,0.67,0.74,2026-08-29,1217,N,VIIRS,n,2.0NRT,302.41,56.91,D,2026-08-29 15:17:00+03:00
36.40857,29.37776,367.0,0.68,0.74,2026-08-29,1217,N,VIIRS,h,2.0NRT,297.49,222.3,D,2026-08-29 15:17:00+03:00
36.41401,29.33253,342.81,0.67,0.74,2026-08-29,1217,N,VIIRS,n,2.0NRT,300.81,5.93,D,2026-08-29 15:17:00+03:00
36.41415,29.33994,332.3,0.67,0.74,2026-08-29,1217,N,VIIRS,n,2.0NRT,301.66,5.93,D,2026-08-29 15:17:00+03:00
36.41429,29.34735,333.76,0.67,0.74,2026-08-29,1217,N,VIIRS,n,2.0NRT,301.02,12.55,D,2026-08-29 15:17:00+03:00
36.41444,29.33308,341.78,0.67,0.74,2026-08-29,1217,N,VIIRS,n,2.0NRT,300.54,8.84,D,2026-08-29 15:17:00+03:00
36.41452,29.35918,335.88,0.67,0.74,2026-08-29,1217,N,VIIRS,n,2.0NRT,302.44,10.8,D,2026-08-29 15:17:00+03:00
36.4146,29.36383,342.26,0.67,0.74,2026-08-29,1217,N,VIIRS,n,2.0NRT,301.41,10.8,D,2026-08-29 15:17:00+03:00
36.41462,29.34047,332.13,0.67,0.74,2026-08-29,1217,N,VIIRS,n,2.0NRT,301.43,10.04,D,2026-08-29 15:17:00+03:00
36.41468,29.36776,367.0,0.68,0.74,2026-08-29,1217,N,VIIRS,h,2.0NRT,303.85,81.53,D,2026-08-29 15:17:00+03:00
36.4148,29.34785,334.6,0.67,0.74,2026-08-29,1217,N,VIIRS,n,2.0NRT,301.42,10.04,D,2026-08-29 15:17:00+03:00
36.41484,29.37632,367.0,0.68,0.74,2026-08-29,1217,N,VIIRS,h,2.0NRT,300.4,111.04,D,2026-08-29 15:17:00+03:00
36.41508,29.35945,336.54,0.67,0.74,2026-08-29,1217,N,VIIRS,n,2.0NRT,302.43,18.05,D,2026-08-29 15:17:00+03:00
36.41518,29.36403,343.1,0.67,0.74,2026-08-29,1217,N,VIIRS,n,2.0NRT,301.61,56.91,D,2026-08-29 15:17:00+03:00
36.41528,29.36797,355.06,0.67,0.74,2026-08-29,1217,N,VIIRS,n,2.0NRT,304.74,56.91,D,2026-08-29 15:17:00+03:00
36.41547,29.3765,367.0,0.68,0.74,2026-08-29,1217,N,VIIRS,h,2.0NRT,300.78,222.3,D,2026-08-29 15:17:00+03:00
36.42092,29.33218,341.14,0.67,0.74,2026-08-29,1217,N,VIIRS,n,2.0NRT,301.18,5.93,D,2026-08-29 15:17:00+03:00
36.4212,29.34665,346.69,0.67,0.74,2026-08-29,1217,N,VIIRS,n,2.0NRT,305.6,12.55,D,2026-08-29 15:17:00+03:00
36.42135,29.33275,340.33,0.67,0.74,2026-08-29,1217,N,VIIRS,n,2.0NRT,301.36,8.76,D,2026-08-29 15:17:00+03:00
36.42143,29.35833,345.53,0.67,0.74,2026-08-29,1217,N,VIIRS,n,2.0NRT,301.71,10.8,D,2026-08-29 15:17:00+03:00
36.42152,29.36284,346.07,0.67,0.74,2026-08-29,1217,N,VIIRS,n,2.0NRT,301.55,10.8,D,2026-08-29 15:17:00+03:00
36.4216,29.36705,356.66,0.68,0.74,2026-08-29,1217,N,VIIRS,n,2.0NRT,301.09,81.53,D,2026-08-29 15:17:00+03:00
36.42168,29.37117,367.0,0.68,0.74,2026-08-29,1217,N,VIIRS,h,2.0NRT,300.69,81.53,D,2026-08-29 15:17:00+03:00
36.42171,29.34719,345.62,0.67,0.74,2026-08-29,1217,N,VIIRS,n,2.0NRT,305.74,25.24,D,2026-08-29 15:17:00+03:00
36.42199,29.35864,346.83,0.67,0.74,2026-08-29,1217,N,VIIRS,n,2.0NRT,302.34,14.51,D,2026-08-29 15:17:00+03:00
36.42209,29.3631,343.83,0.67,0.74,2026-08-29,1217,N,VIIRS,n,2.0NRT,301.53,22.97,D,2026-08-29 15:17:00+03:00
36.42219,29.36731,367.0,0.67,0.74,2026-08-29,1217,N,VIIRS,h,2.0NRT,300.87,22.97,D,2026-08-29 15:17:00+03:00
36.42229,29.37145,367.0,0.68,0.74,2026-08-29,1217,N,VIIRS,h,2.0NRT,298.93,34.85,D,2026-08-29 15:17:00+03:00
36.42783,29.33139,352.5,0.67,0.74,2026-08-29,1217,N,VIIRS,n,2.0NRT,303.3,6.61,D,2026-08-29 15:17:00+03:00
36.42825,29.332,353.06,0.67,0.74,2026-08-29,1217,N,VIIRS,n,2.0NRT,303.49,8.76,D,2026-08-29 15:17:00+03:00
36.42825,29.3527,332.06,0.67,0.74,2026-08-29,1217,N,VIIRS,n,2.0NRT,302.99,16.09,D,2026-08-29 15:17:00+03:00
36.42834,29.35774,337.66,0.67,0.74,2026-08-29,1217,N,VIIRS,n,2.0NRT,303.5,26.94,D,2026-08-29 15:17:00+03:00
36.42889,29.35806,338.34,0.67,0.74,2026-08-29,1217,N,VIIRS,n,2.0NRT,303.31,14.51,D,2026-08-29 15:17:00+03:00
36.43475,29.3315,332.52,0.67,0.74,2026-08-29,1217,N,VIIRS,n,2.0NRT,299.93,6.61,D,2026-08-29 15:17:00+03:00
36.4349,29.33917,332.38,0.67,0.74,2026-08-29,1217,N,VIIRS,n,2.0NRT,300.6,6.61,D,2026-08-29 15:17:00+03:00
36.43517,29.35276,351.61,0.67,0.74,2026-08-29,1217,N,VIIRS,n,2.0NRT,304.38,16.09,D,2026-08-29 15:17:00+03:00
36.43527,29.35758,367.0,0.67,0.74,2026-08-29,1217,N,VIIRS,h,2.0NRT,305.2,26.94,D,2026-08-29 15:17:00+03:00
36.43536,29.36212,367.0,0.67,0.74,2026-08-29,1217,N,VIIRS,h,2.0NRT,304.99,26.94,D,2026-08-29 15:17:00+03:00
36.43537,29.33985,332.38,0.67,0.74,2026-08-29,1217,N,VIIRS,n,2.0NRT,300.85,13.52,D,2026-08-29 15:17:00+03:00
36.43545,29.36689,340.79,0.68,0.74,2026-08-29,1217,N,VIIRS,n,2.0NRT,299.73,26.61,D,2026-08-29 15:17:00+03:00
36.43571,29.35328,367.0,0.67,0.74,2026-08-29,1217,N,VIIRS,h,2.0NRT,305.15,30.08,D,2026-08-29 15:17:00+03:00
36.43582,29.35798,367.0,0.67,0.74,2026-08-29,1217,N,VIIRS,h,2.0NRT,305.27,30.08,D,2026-08-29 15:17:00+03:00
36.43593,29.36253,367.0,0.67,0.74,2026-08-29,1217,N,VIIRS,h,2.0NRT,305.01,26.99,D,2026-08-29 15:17:00+03:00
36.43605,29.36736,335.48,0.67,0.74,2026-08-29,1217,N,VIIRS,n,2.0NRT,299.67,26.99,D,2026-08-29 15:17:00+03:00
36.44211,29.35314,335.88,0.67,0.74,2026-08-29,1217,N,VIIRS,n,2.0NRT,299.42,6.12,D,2026-08-29 15:17:00+03:00
37.33815,40.80368,307.05,0.42,0.61,2026-08-26,9,N,VIIRS,n,2.0NRT,294.18,0.62,N,2026-08-26 03:09:00+03:00
37.37659,39.23356,308.89,0.35,0.57,2026-08-26,9,N,VIIRS,n,2.0NRT,291.88,0.61,N,2026-08-26 03:09:00+03:00
37.38163,39.23553,302.6,0.35,0.57,2026-08-26,9,N,VIIRS,n,2.0NRT,291.77,0.33,N,2026-08-26 03:09:00+03:00
37.75558,40.2437,310.24,0.39,0.59,2026-08-26,9,N,VIIRS,n,2.0NRT,289.38,0.96,N,2026-08-26 03:09:00+03:00
37.91078,40.47536,301.01,0.39,0.6,2026-08-26,9,N,VIIRS,n,2.0NRT,289.29,0.55,N,2026-08-26 03:09:00+03:00
37.91117,40.4736,313.91,0.39,0.6,2026-08-26,9,N,VIIRS,n,2.0NRT,289.95,0.75,N,2026-08-26 03:09:00+03:00
37.91192,40.47119,305.13,0.39,0.6,2026-08-26,9,N,VIIRS,n,2.0NRT,289.59,0.55,N,2026-08-26 03:09:00+03:00
38.07314,40.65859,309.09,0.4,0.6,2026-08-26,9,N,VIIRS,n,2.0NRT,289.71,0.96,N,2026-08-26 03:09:00+03:00
38.07383,40.6578,306.52,0.4,0.6,2026-08-26,9,N,VIIRS,n,2.0NRT,289.79,0.74,N,2026-08-26 03:09:00+03:00
38.45343,38.72891,303.9,0.62,0.54,2026-08-26,9,N,VIIRS,n,2.0NRT,291.49,0.82,N,2026-08-26 03:09:00+03:00
38.45461,38.73061,303.59,0.62,0.54,2026-08-26,9,N,VIIRS,n,2.0NRT,291.55,2.05,N,2026-08-26 03:09:00+03:00
38.66573,39.23623,303.33,0.32,0.55,2026-08-26,9,N,VIIRS,n,2.0NRT,291.67,0.61,N,2026-08-26 03:09:00+03:00
38.83761,33.94362,311.23,0.53,0.42,2026-08-26,9,N,VIIRS,n,2.0NRT,286.22,1.85,N,2026-08-26 03:09:00+03:00
38.86786,32.37724,309.31,0.46,0.39,2026-08-26,9,N,VIIRS,n,2.0NRT,287.27,1.68,N,2026-08-26 03:09:00+03:00
38.86885,32.37203,312.54,0.46,0.39,2026-08-26,9,N,VIIRS,n,2.0NRT,287.92,1.68,N,2026-08-26 03:09:00+03:00
38.87238,32.37318,317.58,0.46,0.39,2026-08-26,9,N,VIIRS,n,2.0NRT,288.27,1.68,N,2026-08-26 03:09:00+03:00
39.04803,33.22965,311.86,0.49,0.4,2026-08-26,9,N,VIIRS,n,2.0NRT,286.64,1.24,N,2026-08-26 03:09:00+03:00
39.04903,33.23505,311.85,0.49,0.4,2026-08-26,9,N,VIIRS,n,2.0NRT,286.86,1.64,N,2026-08-26 03:09:00+03:00
39.48659,30.04409,301.63,0.39,0.36,2026-08-26,9,N,VIIRS,n,2.0NRT,291.0,1.24,N,2026-08-26 03:09:00+03:00
39.74555,30.20108,302.2,0.39,0.37,2026-08-26,9,N,VIIRS,n,2.0NRT,289.88,0.5,N,2026-08-26 03:09:00+03:00
39.76793,33.48033,301.02,0.49,0.4,2026-08-26,9,N,VIIRS,n,2.0NRT,289.62,0.35,N,2026-08-26 03:09:00+03:00
39.83748,30.30183,310.85,0.4,0.37,2026-08-26,9,N,VIIRS,n,2.0NRT,291.75,1.42,N,2026-08-26 03:09:00+03:00
39.90184,28.8712,323.83,0.38,0.36,2026-08-26,9,N,VIIRS,n,2.0NRT,290.68,1.6,N,2026-08-26 03:09:00+03:00
39.92106,34.57492,301.86,0.54,0.42,2026-08-26,9,N,VIIRS,n,2.0NRT,284.29,0.92,N,2026-08-26 03:09:00+03:00
39.94577,33.19286,304.93,0.47,0.4,2026-08-26,9,N,VIIRS,n,2.0NRT,290.03,1.0,N,2026-08-26 03:09:00+03:00
39.94628,33.19096,301.35,0.47,0.4,2026-08-26,9,N,VIIRS,n,2.0NRT,289.69,1.07,N,2026-08-26 03:09:00+03:00
40.04903,32.65186,301.16,0.45,0.39,2026-08-26,9,N,VIIRS,n,2.0NRT,290.1,0.63,N,2026-08-26 03:09:00+03:00
40.05081,32.65015,303.47,0.45,0.39,2026-08-26,9,N,VIIRS,n,2.0NRT,289.98,0.72,N,2026-08-26 03:09:00+03:00
40.09016,35.01201,312.17,0.56,0.43,2026-08-26,9,N,VIIRS,n,2.0NRT,284.29,2.18,N,2026-08-26 03:09:00+03:00
40.24269,29.92662,307.64,0.39,0.36,2026-08-26,9,N,VIIRS,n,2.0NRT,292.98,1.06,N,2026-08-26 03:09:00+03:00
40.2613,30.04148,307.14,0.39,0.36,2026-08-26,9,N,VIIRS,n,2.0NRT,291.96,0.7,N,2026-08-26 03:09:00+03:00
40.54073,34.40746,303.01,0.52,0.41,2026-08-26,9,N,VIIRS,n,2.0NRT,287.45,0.77,N,2026-08-26 03:09:00+03:00
40.54323,34.41461,299.49,0.52,0.41,2026-08-26,9,N,VIIRS,n,2.0NRT,287.4,0.84,N,2026-08-26 03:09:00+03:00
40.75867,29.76262,309.96,0.39,0.36,2026-08-26,9,N,VIIRS,n,2.0NRT,296.1,1.11,N,2026-08-26 03:09:00+03:00
40.76615,29.52838,314.05,0.39,0.36,2026-08-26,9,N,VIIRS,n,2.0NRT,295.16,1.45,N,2026-08-26 03:09:00+03:00
40.78135,29.60346,315.45,0.39,0.36,2026-08-26,9,N,VIIRS,n,2.0NRT,296.33,1.86,N,2026-08-26 03:09:00+03:00
41.02638,36.10262,297.04,0.4,0.44,2026-08-26,9,N,VIIRS,n,2.0NRT,286.12,0.46,N,2026-08-26 03:09:00+03:00
41.18284,32.63496,304.68,0.44,0.38,2026-08-26,9,N,VIIRS,n,2.0NRT,291.58,1.44,N,2026-08-26 03:09:00+03:00
41.19264,32.622,305.12,0.44,0.38,2026-08-26,9,N,VIIRS,n,2.0NRT,290.37,1.39,N,2026-08-26 03:09:00+03:00
41.23781,36.44258,302.63,0.41,0.45,2026-08-26,9,N,VIIRS,n,2.0NRT,290.6,0.86,N,2026-08-26 03:09:00+03:00
41.23948,36.46544,320.71,0.41,0.45,2026-08-26,9,N,VIIRS,n,2.0NRT,288.63,3.28,N,2026-08-26 03:09:00+03:00
41.24156,36.46491,341.99,0.41,0.45,2026-08-26,9,N,VIIRS,n,2.0NRT,290.99,5.52,N,2026-08-26 03:09:00+03:00
41.24348,36.46703,328.72,0.41,0.45,2026-08-26,9,N,VIIRS,n,2.0NRT,291.44,3.28,N,2026-08-26 03:09:00+03:00
41.61639,35.91119,308.52,0.57,0.43,2026-08-26,9,N,VIIRS,n,2.0NRT,289.89,1.52,N,2026-08-26 03:09:00+03:00
41.63508,27.50438,309.21,0.4,0.37,2026-08-26,9,N,VIIRS,n,2.0NRT,292.29,1.36,N,2026-08-26 03:09:00+03:00
41.79775,26.70108,299.04,0.42,0.37,2026-08-26,9,N,VIIRS,n,2.0NRT,288.91,0.57,N,2026-08-26 03:09:00+03:00
36.26243,33.73058,316.98,0.39,0.44,2026-08-26,11,N,VIIRS,n,2.0NRT,298.02,1.66,N,2026-08-26 03:11:00+03:00
37.21287,35.76073,312.67,0.47,0.47,2026-08-26,11,N,VIIRS,n,2.0NRT,294.03,1.18,N,2026-08-26 03:11:00+03:00
37.25264,30.4438,317.66,0.42,0.37,2026-08-26,11,N,VIIRS,n,2.0NRT,294.71,2.17,N,2026-08-26 03:11:00+03:00
37.8632,29.37307,305.92,0.39,0.36,2026-08-26,11,N,VIIRS,n,2.0NRT,294.99,0.96,N,2026-08-26 03:11:00+03:00
37.89719,30.49493,303.62,0.41,0.37,2026-08-26,11,N,VIIRS,n,2.0NRT,290.36,1.24,N,2026-08-26 03:11:00+03:00
37.9383,32.53448,302.15,0.48,0.4,2026-08-26,11,N,VIIRS,n,2.0NRT,291.15,0.76,N,2026-08-26 03:11:00+03:00
38.1397,30.89104,306.86,0.42,0.38,2026-08-26,11,N,VIIRS,n,2.0NRT,289.88,0.6,N,2026-08-26 03:11:00+03:00
38.14056,30.8863,299.15,0.42,0.38,2026-08-26,11,N,VIIRS,n,2.0NRT,288.01,0.6,N,2026-08-26 03:11:00+03:00
38.1431,30.89197,313.3,0.42,0.38,2026-08-26,11,N,VIIRS,n,2.0NRT,294.79,2.16,N,2026-08-26 03:11:00+03:00
38.4282,27.21898,318.49,0.39,0.36,2026-08-26,11,N,VIIRS,n,2.0NRT,298.58,2.38,N,2026-08-26 03:11:00+03:00
38.43467,29.42479,307.25,0.39,0.36,2026-08-26,11,N,VIIRS,n,2.0NRT,290.39,0.98,N,2026-08-26 03:11:00+03:00
38.44173,29.36209,307.67,0.39,0.36,2026-08-26,11,N,VIIRS,n,2.0NRT,290.98,0.88,N,2026-08-26 03:11:00+03:00
38.44247,29.35767,319.34,0.39,0.36,2026-08-26,11,N,VIIRS,n,2.0NRT,291.83,1.74,N,2026-08-26 03:11:00+03:00
38.65839,30.61786,309.2,0.41,0.37,2026-08-26,11,N,VIIRS,n,2.0NRT,290.92,1.24,N,2026-08-26 03:11:00+03:00
38.72526,26.94176,309.09,0.39,0.36,2026-08-26,11,N,VIIRS,n,2.0NRT,295.8,0.89,N,2026-08-26 03:11:00+03:00
38.73531,26.96735,306.73,0.39,0.36,2026-08-26,11,N,VIIRS,n,2.0NRT,296.6,1.24,N,2026-08-26 03:11:00+03:00
38.73859,26.94484,321.08,0.39,0.36,2026-08-26,11,N,VIIRS,n,2.0NRT,299.28,2.62,N,2026-08-26 03:11:00+03:00
38.74055,26.93134,315.25,0.39,0.36,2026-08-26,11,N,VIIRS,n,2.0NRT,296.69,1.81,N,2026-08-26 03:11:00+03:00
38.74263,26.96441,310.76,0.39,0.36,2026-08-26,11,N,VIIRS,n,2.0NRT,296.5,1.5,N,2026-08-26 03:11:00+03:00
38.74459,26.95092,316.56,0.39,0.36,2026-08-26,11,N,VIIRS,n,2.0NRT,297.37,2.42,N,2026-08-26 03:11:00+03:00
38.75322,26.93901,308.99,0.39,0.36,2026-08-26,11,N,VIIRS,n,2.0NRT,296.11,0.83,N,2026-08-26 03:11:00+03:00
38.76255,31.90499,320.16,0.44,0.39,2026-08-26,11,N,VIIRS,n,2.0NRT,288.1,1.9,N,2026-08-26 03:11:00+03:00
38.76264,31.90877,322.58,0.44,0.39,2026-08-26,11,N,VIIRS,n,2.0NRT,288.83,1.39,N,2026-08-26 03:11:00+03:00
38.76358,31.90376,298.45,0.44,0.39,2026-08-26,11,N,VIIRS,n,2.0NRT,287.24,1.39,N,2026-08-26 03:11:00+03:00
38.76603,31.90607,299.72,0.44,0.39,2026-08-26,11,N,VIIRS,n,2.0NRT,287.73,0.42,N,2026-08-26 03:11:00+03:00
39.09146,27.51324,315.87,0.39,0.36,2026-08-26,11,N,VIIRS,n,2.0NRT,294.2,1.08,N,2026-08-26 03:11:00+03:00
39.09212,27.50881,307.13,0.39,0.36,2026-08-26,11,N,VIIRS,n,2.0NRT,292.76,1.08,N,2026-08-26 03:11:00+03:00
39.09477,27.51403,309.44,0.39,0.36,2026-08-26,11,N,VIIRS,n,2.0NRT,294.3,1.08,N,2026-08-26 03:11:00+03:00
39.11393,27.52337,305.73,0.39,0.36,2026-08-26,11,N,VIIRS,n,2.0NRT,293.21,0.6,N,2026-08-26 03:11:00+03:00
39.16856,27.63152,311.39,0.39,0.36,2026-08-26,11,N,VIIRS,n,2.0NRT,295.91,1.11,N,2026-08-26 03:11:00+03:00
39.1813,27.5003,304.3,0.39,0.36,2026-08-26,11,N,VIIRS,n,2.0NRT,293.88,0.5,N,2026-08-26 03:11:00+03:00
38.66547,39.23615,298.33,0.39,0.59,2026-08-31,16,N,VIIRS,n,2.0NRT,285.81,0.46,N,2026-08-31 03:16:00+03:00
38.88335,37.89825,296.58,0.33,0.55,2026-08-31,16,N,VIIRS,n,2.0NRT,285.59,0.59,N,2026-08-31 03:16:00+03:00
40.05132,32.6494,297.49,0.52,0.41,2026-08-31,16,N,VIIRS,n,2.0NRT,286.66,0.92,N,2026-08-31 03:16:00+03:00
40.75808,31.78568,300.56,0.47,0.4,2026-08-31,16,N,VIIRS,n,2.0NRT,285.55,0.74,N,2026-08-31 03:16:00+03:00
40.75938,29.36121,303.19,0.4,0.37,2026-08-31,16,N,VIIRS,n,2.0NRT,292.63,0.88,N,2026-08-31 03:16:00+03:00
40.76464,29.5309,303.12,0.4,0.37,2026-08-31,16,N,VIIRS,n,2.0NRT,292.43,0.88,N,2026-08-31 03:16:00+03:00
41.17471,32.63425,305.64,0.5,0.41,2026-08-31,16,N,VIIRS,n,2.0NRT,287.63,1.38,N,2026-08-31 03:16:00+03:00
41.17834,32.63558,300.58,0.5,0.41,2026-08-31,16,N,VIIRS,n,2.0NRT,289.15,0.71,N,2026-08-31 03:16:00+03:00
41.18199,32.63688,300.57,0.5,0.41,2026-08-31,16,N,VIIRS,n,2.0NRT,287.6,0.71,N,2026-08-31 03:16:00+03:00
41.19156,32.62811,298.9,0.49,0.41,2026-08-31,16,N,VIIRS,n,2.0NRT,287.24,1.21,N,2026-08-31 03:16:00+03:00
41.19273,32.62233,299.01,0.49,0.41,2026-08-31,16,N,VIIRS,n,2.0NRT,286.98,1.17,N,2026-08-31 03:16:00+03:00
41.1938,32.62457,302.63,0.49,0.41,2026-08-31,16,N,VIIRS,n,2.0NRT,287.84,1.52,N,2026-08-31 03:16:00+03:00
41.62936,27.68452,302.36,0.38,0.36,2026-08-31,16,N,VIIRS,n,2.0NRT,288.33,1.12,N,2026-08-31 03:16:00+03:00
41.63691,27.50561,307.82,0.38,0.36,2026-08-31,16,N,VIIRS,n,2.0NRT,290.96,0.98,N,2026-08-31 03:16:00+03:00
36.26317,33.72919,311.88,0.46,0.47,2026-08-31,18,N,VIIRS,n,2.0NRT,294.22,1.81,N,2026-08-31 03:18:00+03:00
36.72968,36.21045,308.19,0.61,0.53,2026-08-31,18,N,VIIRS,n,2.0NRT,291.28,1.97,N,2026-08-31 03:18:00+03:00
36.73444,36.21224,307.28,0.61,0.53,2026-08-31,18,N,VIIRS,n,2.0NRT,291.71,1.97,N,2026-08-31 03:18:00+03:00
36.73923,36.21394,303.65,0.61,0.53,2026-08-31,18,N,VIIRS,n,2.0NRT,291.0,1.72,N,2026-08-31 03:18:00+03:00
36.74725,36.20267,319.44,0.61,0.53,2026-08-31,18,N,VIIRS,n,2.0NRT,291.18,4.14,N,2026-08-31 03:18:00+03:00
36.86963,34.76196,308.71,0.51,0.49,2026-08-31,18,N,VIIRS,n,2.0NRT,292.29,1.53,N,2026-08-31 03:18:00+03:00
37.14782,35.55991,300.86,0.55,0.51,2026-08-31,18,N,VIIRS,n,2.0NRT,288.84,0.82,N,2026-08-31 03:18:00+03:00
37.15239,35.56157,312.91,0.55,0.51,2026-08-31,18,N,VIIRS,n,2.0NRT,289.29,1.83,N,2026-08-31 03:18:00+03:00
37.24818,31.31121,300.89,0.51,0.41,2026-08-31,18,N,VIIRS,n,2.0NRT,288.16,0.84,N,2026-08-31 03:18:00+03:00
37.24929,31.3057,308.54,0.51,0.41,2026-08-31,18,N,VIIRS,n,2.0NRT,287.97,1.2,N,2026-08-31 03:18:00+03:00
37.25231,30.44338,313.37,0.47,0.4,2026-08-31,18,N,VIIRS,n,2.0NRT,292.07,1.92,N,2026-08-31 03:18:00+03:00
37.34954,37.16225,301.86,0.33,0.55,2026-08-31,18,N,VIIRS,n,2.0NRT,289.49,0.75,N,2026-08-31 03:18:00+03:00
37.3544,37.16444,301.5,0.33,0.55,2026-08-31,18,N,VIIRS,n,2.0NRT,290.55,0.56,N,2026-08-31 03:18:00+03:00
37.47601,30.28861,341.95,0.46,0.39,2026-08-31,18,N,VIIRS,n,2.0NRT,285.32,5.81,N,2026-08-31 03:18:00+03:00
37.47956,30.28963,329.19,0.46,0.39,2026-08-31,18,N,VIIRS,n,2.0NRT,285.58,5.81,N,2026-08-31 03:18:00+03:00
37.69594,38.08833,300.12,0.36,0.57,2026-08-31,18,N,VIIRS,n,2.0NRT,288.79,0.89,N,2026-08-31 03:18:00+03:00
37.86169,29.37464,311.76,0.42,0.38,2026-08-31,18,N,VIIRS,n,2.0NRT,291.51,0.86,N,2026-08-31 03:18:00+03:00
37.87673,40.68001,315.09,0.48,0.65,2026-08-31,18,N,VIIRS,n,2.0NRT,286.49,1.65,N,2026-08-31 03:18:00+03:00
37.87973,40.68066,306.89,0.49,0.65,2026-08-31,18,N,VIIRS,n,2.0NRT,285.8,1.74,N,2026-08-31 03:18:00+03:00
37.89846,30.49277,302.85,0.46,0.39,2026-08-31,18,N,VIIRS,n,2.0NRT,288.77,0.99,N,2026-08-31 03:18:00+03:00
37.90912,29.02207,305.17,0.41,0.37,2026-08-31,18,N,VIIRS,n,2.0NRT,291.09,0.5,N,2026-08-31 03:18:00+03:00
38.1428,30.88967,304.11,0.47,0.4,2026-08-31,18,N,VIIRS,n,2.0NRT,289.97,1.04,N,2026-08-31 03:18:00+03:00
38.42579,27.21688,318.48,0.39,0.36,2026-08-31,18,N,VIIRS,n,2.0NRT,295.89,1.38,N,2026-08-31 03:18:00+03:00
38.45551,38.72788,298.64,0.37,0.58,2026-08-31,18,N,VIIRS,n,2.0NRT,287.47,0.81,N,2026-08-31 03:18:00+03:00
38.65796,30.62014,308.74,0.45,0.39,2026-08-31,18,N,VIIRS,n,2.0NRT,286.57,1.38,N,2026-08-31 03:18:00+03:00
38.68716,31.95691,309.82,0.51,0.41,2026-08-31,18,N,VIIRS,n,2.0NRT,283.51,1.23,N,2026-08-31 03:18:00+03:00
38.73824,26.94596,323.81,0.38,0.36,2026-08-31,18,N,VIIRS,n,2.0NRT,296.78,1.67,N,2026-08-31 03:18:00+03:00
38.74034,26.93282,308.78,0.38,0.36,2026-08-31,18,N,VIIRS,n,2.0NRT,293.63,0.9,N,2026-08-31 03:18:00+03:00
38.74152,26.94681,307.71,0.38,0.36,2026-08-31,18,N,VIIRS,n,2.0NRT,294.91,1.67,N,2026-08-31 03:18:00+03:00
38.74362,26.93367,306.84,0.38,0.36,2026-08-31,18,N,VIIRS,n,2.0NRT,292.96,0.9,N,2026-08-31 03:18:00+03:00
38.7448,26.94767,315.25,0.38,0.36,2026-08-31,18,N,VIIRS,n,2.0NRT,293.95,0.93,N,2026-08-31 03:18:00+03:00
38.74809,26.94852,303.93,0.38,0.36,2026-08-31,18,N,VIIRS,n,2.0NRT,292.82,0.93,N,2026-08-31 03:18:00+03:00
39.00056,31.69473,295.36,0.49,0.41,2026-08-31,18,N,VIIRS,n,2.0NRT,283.9,0.45,N,2026-08-31 03:18:00+03:00
39.09171,27.51686,304.34,0.39,0.36,2026-08-31,18,N,VIIRS,n,2.0NRT,291.39,0.78,N,2026-08-31 03:18:00+03:00
39.09243,27.51247,321.85,0.39,0.36,2026-08-31,18,N,VIIRS,n,2.0NRT,293.72,1.57,N,2026-08-31 03:18:00+03:00
39.09315,27.50803,311.76,0.39,0.36,2026-08-31,18,N,VIIRS,n,2.0NRT,291.91,1.57,N,2026-08-31 03:18:00+03:00
39.10226,27.51519,304.63,0.39,0.36,2026-08-31,18,N,VIIRS,n,2.0NRT,292.93,0.88,N,2026-08-31 03:18:00+03:00
39.11469,27.52309,307.92,0.39,0.36,2026-08-31,18,N,VIIRS,n,2.0NRT,292.52,1.02,N,2026-08-31 03:18:00+03:00
39.1679,27.63199,311.34,0.39,0.36,2026-08-31,18,N,VIIRS,n,2.0NRT,293.71,1.21,N,2026-08-31 03:18:00+03:00
39.18307,27.49782,305.88,0.39,0.36,2026-08-31,18,N,VIIRS,n,2.0NRT,292.94,0.59,N,2026-08-31 03:18:00+03:00
39.48476,30.03938,302.03,0.43,0.38,2026-08-31,18,N,VIIRS,n,2.0NRT,285.57,1.35,N,2026-08-31 03:18:00+03:00
39.486,30.04156,305.99,0.43,0.38,2026-08-31,18,N,VIIRS,n,2.0NRT,287.17,1.07,N,2026-08-31 03:18:00+03:00
39.60809,27.87878,305.46,0.39,0.36,2026-08-31,18,N,VIIRS,n,2.0NRT,292.14,0.62,N,2026-08-31 03:18:00+03:00
39.74538,30.19738,301.91,0.43,0.38,2026-08-31,18,N,VIIRS,n,2.0NRT,286.16,0.77,N,2026-08-31 03:18:00+03:00
39.90092,28.87407,327.62,0.4,0.37,2026-08-31,18,N,VIIRS,n,2.0NRT,286.99,2.47,N,2026-08-31 03:18:00+03:00
40.24134,29.9259,304.07,0.42,0.37,2026-08-31,18,N,VIIRS,n,2.0NRT,288.27,0.89,N,2026-08-31 03:18:00+03:00
36.58965,36.44749,333.81,0.37,0.58,2026-08-31,958,N,VIIRS,n,2.0NRT,299.59,3.17,D,2026-08-31 12:58:00+03:00
36.73097,36.21161,332.65,0.38,0.59,2026-08-31,958,N,VIIRS,n,2.0NRT,298.45,2.43,D,2026-08-31 12:58:00+03:00
36.74735,36.20059,330.48,0.38,0.59,2026-08-31,958,N,VIIRS,n,2.0NRT,298.19,3.11,D,2026-08-31 12:58:00+03:00
36.81596,39.31039,342.59,0.52,0.5,2026-08-31,958,N,VIIRS,n,2.0NRT,308.25,2.88,D,2026-08-31 12:58:00+03:00
37.05816,36.02366,336.43,0.38,0.59,2026-08-31,958,N,VIIRS,n,2.0NRT,298.78,2.34,D,2026-08-31 12:58:00+03:00
37.08184,36.22128,333.54,0.37,0.58,2026-08-31,958,N,VIIRS,n,2.0NRT,300.08,5.34,D,2026-08-31 12:58:00+03:00
37.08292,36.22532,367.0,0.37,0.58,2026-08-31,958,N,VIIRS,h,2.0NRT,300.62,5.34,D,2026-08-31 12:58:00+03:00
37.08807,36.22314,350.41,0.37,0.58,2026-08-31,958,N,VIIRS,n,2.0NRT,295.74,5.34,D,2026-08-31 12:58:00+03:00
37.0936,36.15729,367.0,0.38,0.58,2026-08-31,958,N,VIIRS,h,2.0NRT,301.23,7.47,D,2026-08-31 12:58:00+03:00
37.09649,36.23326,347.9,0.37,0.58,2026-08-31,958,N,VIIRS,n,2.0NRT,299.17,4.03,D,2026-08-31 12:58:00+03:00
37.09758,36.15055,332.07,0.38,0.58,2026-08-31,958,N,VIIRS,n,2.0NRT,298.77,7.39,D,2026-08-31 12:58:00+03:00
37.09872,36.1549,367.0,0.38,0.58,2026-08-31,958,N,VIIRS,h,2.0NRT,299.99,7.39,D,2026-08-31 12:58:00+03:00
37.10165,36.23113,344.92,0.37,0.58,2026-08-31,958,N,VIIRS,n,2.0NRT,297.98,4.03,D,2026-08-31 12:58:00+03:00
37.11804,36.11899,344.3,0.38,0.59,2026-08-31,958,N,VIIRS,n,2.0NRT,301.12,4.89,D,2026-08-31 12:58:00+03:00
37.24667,35.91394,367.0,0.38,0.59,2026-08-31,958,N,VIIRS,h,2.0NRT,301.75,6.43,D,2026-08-31 12:58:00+03:00
37.24778,35.91808,340.15,0.38,0.59,2026-08-31,958,N,VIIRS,n,2.0NRT,299.81,6.43,D,2026-08-31 12:58:00+03:00
37.26173,42.40334,342.17,0.54,0.42,2026-08-31,958,N,VIIRS,n,2.0NRT,309.64,3.88,D,2026-08-31 12:58:00+03:00
37.28905,35.78846,330.04,0.39,0.59,2026-08-31,958,N,VIIRS,n,2.0NRT,300.46,3.32,D,2026-08-31 12:58:00+03:00
37.28974,35.78648,355.15,0.39,0.59,2026-08-31,958,N,VIIRS,n,2.0NRT,302.33,6.86,D,2026-08-31 12:58:00+03:00
37.29076,35.90508,331.97,0.38,0.59,2026-08-31,958,N,VIIRS,n,2.0NRT,297.74,1.92,D,2026-08-31 12:58:00+03:00
37.2932,35.78203,336.38,0.39,0.59,2026-08-31,958,N,VIIRS,n,2.0NRT,298.41,5.83,D,2026-08-31 12:58:00+03:00
37.29432,35.78629,367.0,0.39,0.59,2026-08-31,958,N,VIIRS,h,2.0NRT,301.81,5.83,D,2026-08-31 12:58:00+03:00
37.29501,35.78434,367.0,0.39,0.59,2026-08-31,958,N,VIIRS,h,2.0NRT,301.12,6.86,D,2026-08-31 12:58:00+03:00
37.35291,35.95659,337.0,0.38,0.59,2026-08-31,958,N,VIIRS,n,2.0NRT,298.72,2.48,D,2026-08-31 12:58:00+03:00
37.5612,39.42469,339.13,0.5,0.49,2026-08-31,958,N,VIIRS,n,2.0NRT,300.33,3.42,D,2026-08-31 12:58:00+03:00
37.75058,38.79457,337.59,0.53,0.5,2026-08-31,958,N,VIIRS,n,2.0NRT,305.17,5.96,D,2026-08-31 12:58:00+03:00
37.76862,40.25491,337.07,0.44,0.46,2026-08-31,958,N,VIIRS,n,2.0NRT,307.49,1.44,D,2026-08-31 12:58:00+03:00
37.89668,32.68985,334.01,0.54,0.68,2026-08-31,958,N,VIIRS,n,2.0NRT,292.48,4.84,D,2026-08-31 12:58:00+03:00
38.04992,40.87596,342.04,0.41,0.45,2026-08-31,958,N,VIIRS,n,2.0NRT,311.03,3.2,D,2026-08-31 12:58:00+03:00
38.13008,40.26836,346.21,0.44,0.46,2026-08-31,958,N,VIIRS,n,2.0NRT,311.26,10.37,D,2026-08-31 12:58:00+03:00
38.13528,40.27174,344.7,0.44,0.46,2026-08-31,958,N,VIIRS,n,2.0NRT,311.52,7.91,D,2026-08-31 12:58:00+03:00
38.54935,38.31152,340.84,0.54,0.51,2026-08-31,958,N,VIIRS,n,2.0NRT,302.41,5.22,D,2026-08-31 12:58:00+03:00
38.85971,38.96485,354.82,0.49,0.48,2026-08-31,958,N,VIIRS,n,2.0NRT,309.3,15.54,D,2026-08-31 12:58:00+03:00
38.86231,38.9665,345.09,0.49,0.48,2026-08-31,958,N,VIIRS,n,2.0NRT,307.98,17.95,D,2026-08-31 12:58:00+03:00
39.00043,31.70504,337.54,0.56,0.69,2026-08-31,1000,N,VIIRS,n,2.0NRT,296.35,5.01,D,2026-08-31 13:00:00+03:00
39.0027,31.68981,334.12,0.56,0.69,2026-08-31,1000,N,VIIRS,n,2.0NRT,298.6,2.83,D,2026-08-31 13:00:00+03:00
40.43102,33.68605,346.41,0.41,0.61,2026-08-31,1000,N,VIIRS,n,2.0NRT,302.04,4.57,D,2026-08-31 13:00:00+03:00
40.43256,33.68431,338.94,0.41,0.61,2026-08-31,1000,N,VIIRS,n,2.0NRT,302.86,6.09,D,2026-08-31 13:00:00+03:00
40.52759,34.28566,336.87,0.38,0.59,2026-08-31,1000,N,VIIRS,n,2.0NRT,299.93,3.33,D,2026-08-31 13:00:00+03:00
40.53452,34.26842,334.66,0.38,0.59,2026-08-31,1000,N,VIIRS,n,2.0NRT,300.45,4.45,D,2026-08-31 13:00:00+03:00
40.53647,34.25431,352.51,0.38,0.59,2026-08-31,1000,N,VIIRS,n,2.0NRT,299.55,6.95,D,2026-08-31 13:00:00+03:00
40.53763,34.2585,354.14,0.38,0.59,2026-08-31,1000,N,VIIRS,n,2.0NRT,302.6,6.95,D,2026-08-31 13:00:00+03:00
40.53978,34.26637,336.85,0.38,0.59,2026-08-31,1000,N,VIIRS,n,2.0NRT,300.65,8.87,D,2026-08-31 13:00:00+03:00
40.60257,34.85212,335.51,0.35,0.57,2026-08-31,1000,N,VIIRS,n,2.0NRT,298.42,3.98,D,2026-08-31 13:00:00+03:00
40.77377,35.32159,339.22,0.33,0.55,2026-08-31,1000,N,VIIRS,n,2.0NRT,291.29,3.67,D,2026-08-31 13:00:00+03:00
40.77479,35.32541,367.0,0.33,0.55,2026-08-31,1000,N,VIIRS,h,2.0NRT,298.19,7.75,D,2026-08-31 13:00:00+03:00
36.49311,36.45783,334.02,0.5,0.65,2026-08-31,1138,N,VIIRS,n,2.0NRT,297.4,12.05,D,2026-08-31 14:38:00+03:00
36.499,36.45176,342.06,0.5,0.65,2026-08-31,1138,N,VIIRS,n,2.0NRT,295.87,9.61,D,2026-08-31 14:38:00+03:00
36.7451,36.20198,332.12,0.48,0.65,2026-08-31,1138,N,VIIRS,n,2.0NRT,297.97,5.0,D,2026-08-31 14:38:00+03:00
37.00573,35.14706,333.49,0.42,0.61,2026-08-31,1138,N,VIIRS,n,2.0NRT,297.6,1.65,D,2026-08-31 14:38:00+03:00
37.00624,35.14754,335.93,0.42,0.61,2026-08-31,1138,N,VIIRS,n,2.0NRT,297.73,1.59,D,2026-08-31 14:38:00+03:00
37.07477,36.01649,330.71,0.47,0.64,2026-08-31,1138,N,VIIRS,n,2.0NRT,295.89,5.26,D,2026-08-31 14:38:00+03:00
37.08333,36.07671,337.29,0.48,0.64,2026-08-31,1138,N,VIIRS,n,2.0NRT,296.16,3.43,D,2026-08-31 14:38:00+03:00
37.0838,36.08778,338.11,0.48,0.65,2026-08-31,1138,N,VIIRS,n,2.0NRT,296.21,8.05,D,2026-08-31 14:38:00+03:00
37.08403,36.09331,330.44,0.48,0.65,2026-08-31,1138,N,VIIRS,n,2.0NRT,295.44,5.42,D,2026-08-31 14:38:00+03:00
37.09234,36.00446,367.0,0.47,0.64,2026-08-31,1138,N,VIIRS,h,2.0NRT,304.01,140.22,D,2026-08-31 14:38:00+03:00
37.09305,36.02087,330.04,0.47,0.64,2026-08-31,1138,N,VIIRS,n,2.0NRT,295.94,9.7,D,2026-08-31 14:38:00+03:00
37.09788,35.99318,354.3,0.47,0.64,2026-08-31,1138,N,VIIRS,n,2.0NRT,297.46,8.5,D,2026-08-31 14:38:00+03:00
37.11255,36.05281,367.0,0.48,0.64,2026-08-31,1138,N,VIIRS,h,2.0NRT,298.18,10.11,D,2026-08-31 14:38:00+03:00
37.1668,36.04967,355.03,0.48,0.64,2026-08-31,1138,N,VIIRS,n,2.0NRT,298.05,6.83,D,2026-08-31 14:38:00+03:00
37.1682,36.04648,338.44,0.48,0.64,2026-08-31,1138,N,VIIRS,n,2.0NRT,296.1,4.27,D,2026-08-31 14:38:00+03:00
37.16843,36.05199,340.66,0.48,0.64,2026-08-31,1138,N,VIIRS,n,2.0NRT,297.35,4.27,D,2026-08-31 14:38:00+03:00
37.17912,36.01823,337.03,0.47,0.64,2026-08-31,1138,N,VIIRS,n,2.0NRT,298.18,4.29,D,2026-08-31 14:38:00+03:00
37.18444,36.00137,350.36,0.47,0.64,2026-08-31,1138,N,VIIRS,n,2.0NRT,298.36,8.61,D,2026-08-31 14:38:00+03:00
37.28786,35.99165,345.64,0.47,0.64,2026-08-31,1138,N,VIIRS,n,2.0NRT,298.98,6.01,D,2026-08-31 14:38:00+03:00
37.31121,35.97365,356.96,0.47,0.64,2026-08-31,1138,N,VIIRS,n,2.0NRT,297.93,8.3,D,2026-08-31 14:38:00+03:00
37.82883,29.15873,330.72,0.41,0.45,2026-08-31,1140,N,VIIRS,n,2.0NRT,305.68,1.34,D,2026-08-31 14:40:00+03:00
38.69461,31.96047,335.34,0.59,0.53,2026-08-31,1140,N,VIIRS,n,2.0NRT,298.84,8.21,D,2026-08-31 14:40:00+03:00
38.86728,30.65208,338.65,0.5,0.49,2026-08-31,1140,N,VIIRS,n,2.0NRT,305.93,18.34,D,2026-08-31 14:40:00+03:00
38.86775,30.65776,356.39,0.5,0.49,2026-08-31,1140,N,VIIRS,n,2.0NRT,317.5,18.34,D,2026-08-31 14:40:00+03:00
38.86821,30.66349,349.07,0.5,0.49,2026-08-31,1140,N,VIIRS,n,2.0NRT,311.66,19.17,D,2026-08-31 14:40:00+03:00
38.87229,30.65703,345.54,0.5,0.49,2026-08-31,1140,N,VIIRS,n,2.0NRT,306.77,18.34,D,2026-08-31 14:40:00+03:00
39.00422,31.68842,345.54,0.57,0.52,2026-08-31,1140,N,VIIRS,n,2.0NRT,305.79,6.1,D,2026-08-31 14:40:00+03:00
39.00567,31.68939,347.65,0.57,0.52,2026-08-31,1140,N,VIIRS,n,2.0NRT,305.02,5.83,D,2026-08-31 14:40:00+03:00
39.80398,32.86031,367.0,0.34,0.56,2026-08-31,1140,N,VIIRS,h,2.0NRT,305.21,6.69,D,2026-08-31 14:40:00+03:00
39.80424,32.86446,339.38,0.34,0.56,2026-08-31,1140,N,VIIRS,n,2.0NRT,298.03,6.69,D,2026-08-31 14:40:00+03:00
39.80439,32.85966,354.72,0.34,0.56,2026-08-31,1140,N,VIIRS,n,2.0NRT,304.7,10.64,D,2026-08-31 14:40:00+03:00
39.80462,32.86381,356.32,0.34,0.56,2026-08-31,1140,N,VIIRS,n,2.0NRT,299.06,10.64,D,2026-08-31 14:40:00+03:00
39.80921,32.86043,338.8,0.34,0.56,2026-08-31,1140,N,VIIRS,n,2.0NRT,297.13,6.69,D,2026-08-31 14:40:00+03:00
40.52769,34.2627,336.21,0.41,0.6,2026-08-31,1140,N,VIIRS,n,2.0NRT,300.62,4.77,D,2026-08-31 14:40:00+03:00
40.53019,34.2606,337.25,0.41,0.6,2026-08-31,1140,N,VIIRS,n,2.0NRT,302.3,3.37,D,2026-08-31 14:40:00+03:00
40.53043,34.26603,336.0,0.41,0.6,2026-08-31,1140,N,VIIRS,n,2.0NRT,302.15,3.37,D,2026-08-31 14:40:00+03:00
40.53536,34.24978,338.25,0.41,0.6,2026-08-31,1140,N,VIIRS,n,2.0NRT,301.43,4.39,D,2026-08-31 14:40:00+03:00
40.53557,34.25447,341.57,0.41,0.6,2026-08-31,1140,N,VIIRS,n,2.0NRT,302.94,4.39,D,2026-08-31 14:40:00+03:00
40.54119,34.25403,367.0,0.41,0.6,2026-08-31,1140,N,VIIRS,h,2.0NRT,302.21,4.39,D,2026-08-31 14:40:00+03:00
40.54167,34.26476,338.71,0.41,0.6,2026-08-31,1140,N,VIIRS,n,2.0NRT,301.51,11.78,D,2026-08-31 14:40:00+03:00
40.55333,34.02726,346.61,0.39,0.6,2026-08-31,1140,N,VIIRS,n,2.0NRT,303.53,4.01,D,2026-08-31 14:40:00+03:00
36.9175,38.7091,339.14,0.34,0.56,2026-08-26,952,N,VIIRS,n,2.0NRT,306.71,6.18,D,2026-08-26 12:52:00+03:00
36.91842,38.71272,367.0,0.34,0.56,2026-08-26,952,N,VIIRS,h,2.0NRT,308.21,13.94,D,2026-08-26 12:52:00+03:00
37.09414,35.94491,345.77,0.46,0.64,2026-08-26,952,N,VIIRS,n,2.0NRT,297.68,6.31,D,2026-08-26 12:52:00+03:00
37.26547,42.22702,350.89,0.43,0.46,2026-08-26,952,N,VIIRS,n,2.0NRT,320.88,9.91,D,2026-08-26 12:52:00+03:00
37.37186,37.14963,337.43,0.4,0.6,2026-08-26,952,N,VIIRS,n,2.0NRT,305.95,4.35,D,2026-08-26 12:52:00+03:00
38.45591,41.9264,337.28,0.43,0.46,2026-08-26,952,N,VIIRS,n,2.0NRT,307.98,1.92,D,2026-08-26 12:52:00+03:00
38.88548,35.63667,348.54,0.43,0.62,2026-08-26,952,N,VIIRS,n,2.0NRT,304.35,8.34,D,2026-08-26 12:52:00+03:00
38.96143,34.63303,355.21,0.48,0.65,2026-08-26,952,N,VIIRS,n,2.0NRT,303.77,8.53,D,2026-08-26 12:52:00+03:00
38.96312,34.63887,349.55,0.48,0.65,2026-08-26,952,N,VIIRS,n,2.0NRT,305.97,8.53,D,2026-08-26 12:52:00+03:00
38.9672,34.63067,344.06,0.48,0.65,2026-08-26,952,N,VIIRS,n,2.0NRT,302.41,8.53,D,2026-08-26 12:52:00+03:00
38.96889,34.63648,367.0,0.48,0.65,2026-08-26,952,N,VIIRS,h,2.0NRT,306.16,8.53,D,2026-08-26 12:52:00+03:00
39.01033,34.57861,349.19,0.48,0.65,2026-08-26,952,N,VIIRS,n,2.0NRT,306.57,6.09,D,2026-08-26 12:52:00+03:00
39.01212,34.577,367.0,0.48,0.65,2026-08-26,952,N,VIIRS,h,2.0NRT,307.17,12.98,D,2026-08-26 12:52:00+03:00
39.0159,34.57548,346.31,0.48,0.65,2026-08-26,952,N,VIIRS,n,2.0NRT,303.09,6.09,D,2026-08-26 12:52:00+03:00
39.75706,43.09119,344.33,0.53,0.42,2026-08-26,952,N,VIIRS,n,2.0NRT,308.63,5.61,D,2026-08-26 12:52:00+03:00
40.17058,34.95525,356.21,0.43,0.62,2026-08-26,952,N,VIIRS,n,2.0NRT,304.52,5.75,D,2026-08-26 12:52:00+03:00
40.3469,33.40236,333.28,0.51,0.66,2026-08-26,952,N,VIIRS,n,2.0NRT,305.5,4.09,D,2026-08-26 12:52:00+03:00
40.71284,36.52864,334.01,0.35,0.57,2026-08-26,952,N,VIIRS,n,2.0NRT,300.96,2.4,D,2026-08-26 12:52:00+03:00
36.97016,31.05511,340.05,0.42,0.45,2026-08-26,1132,N,VIIRS,n,2.0NRT,309.33,2.5,D,2026-08-26 14:32:00+03:00
37.08477,39.56691,367.0,0.61,0.71,2026-08-26,1132,N,VIIRS,h,2.0NRT,303.8,11.52,D,2026-08-26 14:32:00+03:00
37.0982,30.88564,343.47,0.41,0.45,2026-08-26,1132,N,VIIRS,n,2.0NRT,311.51,49.94,D,2026-08-26 14:32:00+03:00
37.10187,30.88033,343.95,0.41,0.45,2026-08-26,1132,N,VIIRS,n,2.0NRT,307.42,13.76,D,2026-08-26 14:32:00+03:00
38.62246,39.29539,347.71,0.6,0.71,2026-08-26,1132,N,VIIRS,n,2.0NRT,304.27,9.58,D,2026-08-26 14:32:00+03:00
38.62263,39.30278,335.7,0.6,0.71,2026-08-26,1132,N,VIIRS,n,2.0NRT,303.11,9.58,D,2026-08-26 14:32:00+03:00
38.85604,32.37505,354.59,0.51,0.5,2026-08-26,1132,N,VIIRS,n,2.0NRT,317.34,15.03,D,2026-08-26 14:32:00+03:00
38.86063,32.37452,350.19,0.51,0.5,2026-08-26,1132,N,VIIRS,n,2.0NRT,313.64,15.03,D,2026-08-26 14:32:00+03:00
38.99553,34.5737,367.0,0.34,0.56,2026-08-26,1132,N,VIIRS,h,2.0NRT,309.38,7.56,D,2026-08-26 14:32:00+03:00
38.99611,34.56966,343.99,0.34,0.56,2026-08-26,1132,N,VIIRS,n,2.0NRT,307.93,6.0,D,2026-08-26 14:32:00+03:00
38.99634,34.57347,367.0,0.34,0.56,2026-08-26,1132,N,VIIRS,h,2.0NRT,308.95,6.0,D,2026-08-26 14:32:00+03:00
39.0005,34.56974,351.65,0.34,0.56,2026-08-26,1132,N,VIIRS,n,2.0NRT,311.4,7.56,D,2026-08-26 14:32:00+03:00
39.00076,34.57367,367.0,0.34,0.56,2026-08-26,1132,N,VIIRS,h,2.0NRT,310.64,7.56,D,2026-08-26 14:32:00+03:00
39.00133,34.56952,347.83,0.34,0.56,2026-08-26,1132,N,VIIRS,n,2.0NRT,310.88,6.0,D,2026-08-26 14:32:00+03:00
39.00156,34.57347,367.0,0.34,0.56,2026-08-26,1132,N,VIIRS,h,2.0NRT,308.82,6.0,D,2026-08-26 14:32:00+03:00
39.01154,34.56557,336.57,0.34,0.56,2026-08-26,1132,N,VIIRS,n,2.0NRT,309.12,5.86,D,2026-08-26 14:32:00+03:00
39.01178,34.56958,367.0,0.34,0.56,2026-08-26,1132,N,VIIRS,h,2.0NRT,310.55,7.75,D,2026-08-26 14:32:00+03:00
39.01202,34.57359,353.47,0.34,0.56,2026-08-26,1132,N,VIIRS,n,2.0NRT,311.09,7.75,D,2026-08-26 14:32:00+03:00
39.36047,34.78753,367.0,0.35,0.57,2026-08-26,1134,N,VIIRS,h,2.0NRT,311.47,12.99,D,2026-08-26 14:34:00+03:00
39.36072,34.79177,367.0,0.35,0.57,2026-08-26,1134,N,VIIRS,h,2.0NRT,315.59,12.99,D,2026-08-26 14:34:00+03:00
39.63576,34.73831,351.43,0.35,0.57,2026-08-26,1134,N,VIIRS,n,2.0NRT,307.19,1.85,D,2026-08-26 14:34:00+03:00
39.63644,34.73816,344.81,0.35,0.57,2026-08-26,1134,N,VIIRS,n,2.0NRT,307.09,1.69,D,2026-08-26 14:34:00+03:00
39.74689,34.05017,367.0,0.32,0.55,2026-08-26,1134,N,VIIRS,h,2.0NRT,316.53,5.39,D,2026-08-26 14:34:00+03:00
40.16108,34.96154,350.44,0.36,0.58,2026-08-26,1134,N,VIIRS,n,2.0NRT,305.05,5.3,D,2026-08-26 14:34:00+03:00
40.16129,34.96581,367.0,0.36,0.58,2026-08-26,1134,N,VIIRS,h,2.0NRT,307.77,5.3,D,2026-08-26 14:34:00+03:00
40.16411,34.96125,367.0,0.36,0.58,2026-08-26,1134,N,VIIRS,h,2.0NRT,306.42,10.32,D,2026-08-26 14:34:00+03:00
40.16435,34.96552,367.0,0.36,0.58,2026-08-26,1134,N,VIIRS,h,2.0NRT,309.48,10.32,D,2026-08-26 14:34:00+03:00
40.16644,34.96111,338.75,0.36,0.58,2026-08-26,1134,N,VIIRS,n,2.0NRT,305.56,5.3,D,2026-08-26 14:34:00+03:00
40.16666,34.96539,338.59,0.36,0.58,2026-08-26,1134,N,VIIRS,n,2.0NRT,306.51,5.3,D,2026-08-26 14:34:00+03:00
40.4235,33.98987,347.16,0.32,0.55,2026-08-26,1134,N,VIIRS,n,2.0NRT,316.66,3.48,D,2026-08-26 14:34:00+03:00
40.45923,34.25217,350.27,0.33,0.56,2026-08-26,1134,N,VIIRS,n,2.0NRT,314.94,3.61,D,2026-08-26 14:34:00+03:00
40.74819,30.43337,343.52,0.43,0.46,2026-08-26,1134,N,VIIRS,n,2.0NRT,305.25,9.93,D,2026-08-26 14:34:00+03:00
41.24133,36.46763,336.93,0.44,0.63,2026-08-26,1134,N,VIIRS,n,2.0NRT,304.04,6.06,D,2026-08-26 14:34:00+03:00
36.37625,36.46152,343.96,0.79,0.78,2026-08-27,934,N,VIIRS,n,2.0NRT,298.83,9.37,D,2026-08-27 12:34:00+03:00
36.37794,36.46039,341.27,0.79,0.78,2026-08-27,934,N,VIIRS,n,2.0NRT,298.23,11.37,D,2026-08-27 12:34:00+03:00
37.5423,39.3293,342.17,0.53,0.67,2026-08-27,934,N,VIIRS,n,2.0NRT,304.85,5.39,D,2026-08-27 12:34:00+03:00
37.54644,39.32497,367.0,0.53,0.67,2026-08-27,934,N,VIIRS,h,2.0NRT,307.63,15.63,D,2026-08-27 12:34:00+03:00
37.71898,39.21083,336.61,0.53,0.67,2026-08-27,934,N,VIIRS,n,2.0NRT,305.99,3.0,D,2026-08-27 12:34:00+03:00
37.71905,39.21516,351.28,0.53,0.67,2026-08-27,934,N,VIIRS,n,2.0NRT,307.5,8.83,D,2026-08-27 12:34:00+03:00
37.78926,40.26772,367.0,0.47,0.64,2026-08-27,934,N,VIIRS,h,2.0NRT,307.42,13.99,D,2026-08-27 12:34:00+03:00
37.79073,40.2728,367.0,0.47,0.64,2026-08-27,934,N,VIIRS,h,2.0NRT,307.04,28.75,D,2026-08-27 12:34:00+03:00
37.79163,40.26969,355.79,0.47,0.64,2026-08-27,934,N,VIIRS,n,2.0NRT,307.17,16.45,D,2026-08-27 12:34:00+03:00
37.79307,40.27478,356.24,0.47,0.64,2026-08-27,934,N,VIIRS,n,2.0NRT,304.22,16.45,D,2026-08-27 12:34:00+03:00
37.83752,38.3047,367.0,0.59,0.7,2026-08-27,934,N,VIIRS,h,2.0NRT,304.44,12.21,D,2026-08-27 12:34:00+03:00
37.84383,38.30235,367.0,0.59,0.7,2026-08-27,934,N,VIIRS,h,2.0NRT,303.37,12.21,D,2026-08-27 12:34:00+03:00
38.02192,40.18329,340.18,0.47,0.64,2026-08-27,934,N,VIIRS,n,2.0NRT,304.88,4.28,D,2026-08-27 12:34:00+03:00
39.01743,35.03906,345.67,0.78,0.78,2026-08-27,934,N,VIIRS,n,2.0NRT,303.35,12.19,D,2026-08-27 12:34:00+03:00
39.01913,35.0378,342.55,0.78,0.78,2026-08-27,934,N,VIIRS,n,2.0NRT,303.58,11.55,D,2026-08-27 12:34:00+03:00
39.38432,42.44039,367.0,0.33,0.55,2026-08-27,934,N,VIIRS,h,2.0NRT,311.56,10.05,D,2026-08-27 12:34:00+03:00
39.38525,42.44402,333.69,0.33,0.55,2026-08-27,934,N,VIIRS,n,2.0NRT,306.85,5.8,D,2026-08-27 12:34:00+03:00
39.3867,42.43901,367.0,0.33,0.55,2026-08-27,934,N,VIIRS,h,2.0NRT,311.52,8.73,D,2026-08-27 12:34:00+03:00
39.38762,42.44253,340.7,0.33,0.55,2026-08-27,934,N,VIIRS,n,2.0NRT,306.91,6.53,D,2026-08-27 12:34:00+03:00
40.07156,35.00896,338.52,0.73,0.76,2026-08-27,934,N,VIIRS,n,2.0NRT,299.87,8.83,D,2026-08-27 12:34:00+03:00
40.11348,35.00201,342.48,0.72,0.76,2026-08-27,934,N,VIIRS,n,2.0NRT,299.97,5.4,D,2026-08-27 12:34:00+03:00
40.11569,35.00158,342.11,0.72,0.76,2026-08-27,934,N,VIIRS,n,2.0NRT,300.27,6.81,D,2026-08-27 12:34:00+03:00
40.27697,40.50706,336.14,0.39,0.59,2026-08-27,934,N,VIIRS,n,2.0NRT,298.61,3.44,D,2026-08-27 12:34:00+03:00
40.35564,34.15989,332.63,0.78,0.78,2026-08-27,934,N,VIIRS,n,2.0NRT,301.05,4.65,D,2026-08-27 12:34:00+03:00
40.43949,34.22992,338.25,0.77,0.77,2026-08-27,934,N,VIIRS,n,2.0NRT,299.0,29.65,D,2026-08-27 12:34:00+03:00
40.44289,34.22777,347.68,0.77,0.77,2026-08-27,934,N,VIIRS,n,2.0NRT,297.98,44.67,D,2026-08-27 12:34:00+03:00
40.44572,34.23608,367.0,0.77,0.77,2026-08-27,934,N,VIIRS,h,2.0NRT,304.55,72.05,D,2026-08-27 12:34:00+03:00
40.44597,34.22557,350.94,0.77,0.77,2026-08-27,934,N,VIIRS,n,2.0NRT,297.21,29.65,D,2026-08-27 12:34:00+03:00
40.44868,34.23338,367.0,0.77,0.77,2026-08-27,934,N,VIIRS,h,2.0NRT,301.53,29.65,D,2026-08-27 12:34:00+03:00
40.51072,34.27461,339.09,0.76,0.77,2026-08-27,934,N,VIIRS,n,2.0NRT,297.48,2.44,D,2026-08-27 12:34:00+03:00
40.75683,35.52745,331.17,0.65,0.73,2026-08-27,934,N,VIIRS,n,2.0NRT,294.43,2.18,D,2026-08-27 12:34:00+03:00
36.59122,36.45233,332.75,0.44,0.46,2026-08-27,1115,N,VIIRS,n,2.0NRT,305.53,2.45,D,2026-08-27 14:15:00+03:00
36.59169,36.45732,332.01,0.44,0.46,2026-08-27,1115,N,VIIRS,n,2.0NRT,305.48,0.71,D,2026-08-27 14:15:00+03:00
36.59599,36.45669,367.0,0.44,0.46,2026-08-27,1115,N,VIIRS,h,2.0NRT,314.78,15.58,D,2026-08-27 14:15:00+03:00
36.60029,36.45608,344.49,0.44,0.46,2026-08-27,1115,N,VIIRS,n,2.0NRT,306.44,15.58,D,2026-08-27 14:15:00+03:00
36.7188,35.2043,347.39,0.38,0.44,2026-08-27,1115,N,VIIRS,n,2.0NRT,308.79,9.22,D,2026-08-27 14:15:00+03:00
36.72283,35.20368,341.74,0.38,0.44,2026-08-27,1115,N,VIIRS,n,2.0NRT,310.37,9.22,D,2026-08-27 14:15:00+03:00
36.72329,35.20802,342.31,0.38,0.44,2026-08-27,1115,N,VIIRS,n,2.0NRT,306.5,9.22,D,2026-08-27 14:15:00+03:00
36.72731,35.20739,343.72,0.38,0.44,2026-08-27,1115,N,VIIRS,n,2.0NRT,308.72,3.92,D,2026-08-27 14:15:00+03:00
36.76755,35.35815,367.0,0.39,0.44,2026-08-27,1115,N,VIIRS,h,2.0NRT,325.7,32.53,D,2026-08-27 14:15:00+03:00
36.76799,35.36258,344.25,0.39,0.44,2026-08-27,1115,N,VIIRS,n,2.0NRT,305.73,32.53,D,2026-08-27 14:15:00+03:00
36.77161,35.35752,345.64,0.39,0.44,2026-08-27,1115,N,VIIRS,n,2.0NRT,307.53,32.53,D,2026-08-27 14:15:00+03:00
36.77205,35.36195,331.47,0.39,0.44,2026-08-27,1115,N,VIIRS,n,2.0NRT,304.69,32.53,D,2026-08-27 14:15:00+03:00
36.87857,35.11917,343.0,0.38,0.43,2026-08-27,1115,N,VIIRS,n,2.0NRT,307.34,5.62,D,2026-08-27 14:15:00+03:00
36.92021,35.24554,346.56,0.39,0.44,2026-08-27,1115,N,VIIRS,n,2.0NRT,304.4,4.65,D,2026-08-27 14:15:00+03:00
37.20556,35.75074,339.3,0.41,0.45,2026-08-27,1115,N,VIIRS,n,2.0NRT,309.23,3.08,D,2026-08-27 14:15:00+03:00
37.29524,35.79214,337.17,0.42,0.45,2026-08-27,1115,N,VIIRS,n,2.0NRT,309.53,3.57,D,2026-08-27 14:15:00+03:00
37.2957,35.79692,357.26,0.42,0.45,2026-08-27,1115,N,VIIRS,n,2.0NRT,313.87,15.34,D,2026-08-27 14:15:00+03:00
37.29616,35.80168,344.32,0.42,0.45,2026-08-27,1115,N,VIIRS,n,2.0NRT,308.98,15.34,D,2026-08-27 14:15:00+03:00
37.29802,35.82079,352.5,0.42,0.45,2026-08-27,1115,N,VIIRS,n,2.0NRT,310.54,7.69,D,2026-08-27 14:15:00+03:00
37.29988,35.79628,367.0,0.42,0.45,2026-08-27,1115,N,VIIRS,h,2.0NRT,307.83,15.34,D,2026-08-27 14:15:00+03:00
37.30082,35.80582,344.72,0.42,0.45,2026-08-27,1115,N,VIIRS,n,2.0NRT,310.23,3.11,D,2026-08-27 14:15:00+03:00
37.30547,35.80997,342.63,0.42,0.45,2026-08-27,1115,N,VIIRS,n,2.0NRT,309.27,7.35,D,2026-08-27 14:15:00+03:00
37.30593,35.81475,343.28,0.42,0.45,2026-08-27,1115,N,VIIRS,n,2.0NRT,310.04,6.25,D,2026-08-27 14:15:00+03:00
37.3064,35.81952,345.41,0.42,0.45,2026-08-27,1115,N,VIIRS,n,2.0NRT,309.77,6.25,D,2026-08-27 14:15:00+03:00
37.30687,35.8243,346.75,0.42,0.45,2026-08-27,1115,N,VIIRS,n,2.0NRT,310.85,12.96,D,2026-08-27 14:15:00+03:00
37.30965,35.80934,367.0,0.42,0.45,2026-08-27,1115,N,VIIRS,h,2.0NRT,311.17,7.35,D,2026-08-27 14:15:00+03:00
37.31012,35.81412,339.93,0.42,0.45,2026-08-27,1115,N,VIIRS,n,2.0NRT,308.82,6.25,D,2026-08-27 14:15:00+03:00
37.31059,35.8189,349.4,0.42,0.45,2026-08-27,1115,N,VIIRS,n,2.0NRT,310.21,6.25,D,2026-08-27 14:15:00+03:00
37.31384,35.80871,335.77,0.42,0.45,2026-08-27,1115,N,VIIRS,n,2.0NRT,306.32,1.87,D,2026-08-27 14:15:00+03:00
37.32658,35.80817,342.58,0.42,0.45,2026-08-27,1115,N,VIIRS,n,2.0NRT,310.0,13.09,D,2026-08-27 14:15:00+03:00
37.32687,35.81156,354.17,0.42,0.45,2026-08-27,1115,N,VIIRS,n,2.0NRT,311.17,10.54,D,2026-08-27 14:15:00+03:00
37.32703,35.81293,343.46,0.42,0.45,2026-08-27,1115,N,VIIRS,n,2.0NRT,308.2,12.11,D,2026-08-27 14:15:00+03:00
37.59727,32.90615,340.55,0.47,0.39,2026-08-27,1115,N,VIIRS,n,2.0NRT,314.35,6.55,D,2026-08-27 14:15:00+03:00
37.81833,28.04193,340.07,0.39,0.36,2026-08-27,1115,N,VIIRS,n,2.0NRT,310.29,2.28,D,2026-08-27 14:15:00+03:00
37.85056,40.16445,367.0,0.36,0.58,2026-08-27,1115,N,VIIRS,h,2.0NRT,303.11,9.01,D,2026-08-27 14:15:00+03:00
37.98738,33.5989,346.88,0.5,0.41,2026-08-27,1115,N,VIIRS,n,2.0NRT,312.73,4.86,D,2026-08-27 14:15:00+03:00
38.25438,40.26784,347.12,0.37,0.58,2026-08-27,1115,N,VIIRS,n,2.0NRT,313.31,7.93,D,2026-08-27 14:15:00+03:00
38.25463,40.27225,367.0,0.37,0.58,2026-08-27,1115,N,VIIRS,h,2.0NRT,314.27,12.63,D,2026-08-27 14:15:00+03:00
38.34148,27.1176,339.35,0.39,0.37,2026-08-27,1115,N,VIIRS,n,2.0NRT,309.13,1.54,D,2026-08-27 14:15:00+03:00
38.91259,34.36315,350.53,0.56,0.43,2026-08-27,1115,N,VIIRS,n,2.0NRT,316.1,14.31,D,2026-08-27 14:15:00+03:00
39.02295,34.65059,342.75,0.38,0.44,2026-08-27,1115,N,VIIRS,n,2.0NRT,306.82,5.95,D,2026-08-27 14:15:00+03:00
39.02878,34.61908,348.39,0.38,0.43,2026-08-27,1115,N,VIIRS,n,2.0NRT,311.23,5.54,D,2026-08-27 14:15:00+03:00
39.08315,34.59241,342.76,0.38,0.43,2026-08-27,1115,N,VIIRS,n,2.0NRT,311.11,4.87,D,2026-08-27 14:15:00+03:00
39.15538,34.65884,347.65,0.39,0.44,2026-08-27,1115,N,VIIRS,n,2.0NRT,314.07,7.39,D,2026-08-27 14:15:00+03:00
39.16432,34.66656,351.12,0.39,0.44,2026-08-27,1115,N,VIIRS,n,2.0NRT,312.79,7.71,D,2026-08-27 14:15:00+03:00
39.43314,34.85532,344.56,0.4,0.44,2026-08-27,1115,N,VIIRS,n,2.0NRT,314.87,2.93,D,2026-08-27 14:15:00+03:00
39.59547,31.98127,344.68,0.45,0.39,2026-08-27,1115,N,VIIRS,n,2.0NRT,313.3,4.71,D,2026-08-27 14:15:00+03:00
39.98958,34.91832,339.67,0.41,0.45,2026-08-27,1115,N,VIIRS,n,2.0NRT,311.16,8.22,D,2026-08-27 14:15:00+03:00
39.99006,34.92323,346.44,0.41,0.45,2026-08-27,1115,N,VIIRS,n,2.0NRT,311.78,8.22,D,2026-08-27 14:15:00+03:00
40.15902,35.99346,341.39,0.46,0.47,2026-08-27,1115,N,VIIRS,n,2.0NRT,305.32,3.29,D,2026-08-27 14:15:00+03:00
40.16339,35.99283,334.96,0.46,0.47,2026-08-27,1115,N,VIIRS,n,2.0NRT,307.95,3.29,D,2026-08-27 14:15:00+03:00
40.20652,35.04743,346.24,0.41,0.45,2026-08-27,1115,N,VIIRS,n,2.0NRT,311.14,7.5,D,2026-08-27 14:15:00+03:00
40.42859,34.21687,338.45,0.57,0.43,2026-08-27,1115,N,VIIRS,n,2.0NRT,306.37,83.51,D,2026-08-27 14:15:00+03:00
40.43661,34.2158,367.0,0.57,0.43,2026-08-27,1115,N,VIIRS,h,2.0NRT,308.7,12.44,D,2026-08-27 14:15:00+03:00
40.44135,34.22244,337.6,0.57,0.43,2026-08-27,1115,N,VIIRS,n,2.0NRT,308.98,12.44,D,2026-08-27 14:15:00+03:00
40.44537,34.22192,344.33,0.57,0.43,2026-08-27,1115,N,VIIRS,n,2.0NRT,307.46,2.86,D,2026-08-27 14:15:00+03:00
40.44609,34.2291,347.77,0.57,0.43,2026-08-27,1115,N,VIIRS,n,2.0NRT,311.02,10.92,D,2026-08-27 14:15:00+03:00
40.4501,34.22861,340.99,0.57,0.43,2026-08-27,1115,N,VIIRS,n,2.0NRT,306.96,10.92,D,2026-08-27 14:15:00+03:00
40.76835,29.53321,332.94,0.4,0.37,2026-08-27,1115,N,VIIRS,n,2.0NRT,302.99,1.77,D,2026-08-27 14:15:00+03:00
41.19315,32.62121,335.66,0.5,0.41,2026-08-27,1115,N,VIIRS,n,2.0NRT,304.07,3.71,D,2026-08-27 14:15:00+03:00
