grid_id,province,district
36.25_29.25,Antalya,Kaş
36.25_30.0,Antalya,Finike
36.25_33.5,Mersin,Silifke
36.25_36.25,Hatay,Kumlu
36.5_35.0,Adana,Bilinmiyor
36.5_35.5,Adana,Yumurtalık
36.5_36.0,Hatay,Bilinmiyor
36.5_36.25,Hatay,Kırıkhan
36.75_30.5,Antalya,Konyaaltı
36.75_31.0,Antalya,Serik
36.75_34.75,Mersin,Tarsus
36.75_35.0,Mersin,Tarsus
36.75_35.25,Adana,Yüreğir
36.75_35.75,Adana,Yumurtalık
36.75_38.5,Şanlıurfa,Akçakale
36.75_39.25,Şanlıurfa,Harran
37.0_30.75,Antalya,Serik
37.0_31.25,Antalya,İbradı
37.0_33.75,Karaman,Ayrancı
37.0_35.0,Adana,Çukurova
37.0_35.5,Adana,Bilinmiyor
37.0_35.75,Adana,Bilinmiyor
37.0_36.0,Osmaniye,Bilinmiyor
37.0_36.75,Gaziantep,Nurdağı
37.0_38.25,Şanlıurfa,Bozova
37.0_39.0,Şanlıurfa,Haliliye
37.0_39.25,Şanlıurfa,Haliliye
37.0_39.5,Şanlıurfa,Viranşehir
37.0_40.0,Mardin,Derik
37.0_42.0,Hasiçi İli,منطقة المالكية
37.25_30.25,Burdur,Bucak
37.25_31.25,Antalya,Manavgat
37.25_32.5,Konya,Çumra
37.25_35.5,Adana,Kozan
37.25_35.75,Adana,Kozan
37.25_36.75,Kahramanmaraş,Türkoğlu
37.25_37.0,Kahramanmaraş,Pazarcık
37.25_38.5,Şanlıurfa,Bozova
37.25_39.0,Şanlıurfa,Haliliye
37.25_39.25,Şanlıurfa,Siverek
37.25_39.5,Şanlıurfa,Viranşehir
37.25_40.75,Mardin,Ömerli
37.25_41.0,Mardin,Ömerli
37.25_42.0,Şırnak,Cizre
37.25_42.25,Şırnak,Cizre
37.25_43.5,Hakkâri,Çukurca
37.5_32.75,Konya,Çumra
37.5_37.25,Kahramanmaraş,Pazarcık
37.5_38.0,Adıyaman,Bilinmiyor
37.5_38.25,Adıyaman,Bilinmiyor
37.5_39.0,Şanlıurfa,Siverek
37.5_39.25,Şanlıurfa,Siverek
37.5_42.25,Şırnak,Şırnak Merkez
37.75_27.5,Aydın,Germencik
37.75_28.0,Aydın,Sultanhisar
37.75_29.0,Denizli,Pamukkale
37.75_29.25,Denizli,Çal
37.75_30.25,Isparta,Gönen
37.75_30.5,Isparta,Bilinmiyor
37.75_32.5,Konya,Karatay
37.75_33.5,Konya,Karapınar
37.75_38.25,Adıyaman,Bilinmiyor
37.75_38.75,Adıyaman,Kâhta
37.75_40.0,Diyarbakır,Bağlar
37.75_40.25,Diyarbakır,Sur
37.75_40.5,Diyarbakır,Bismil
38.0_30.75,Isparta,Gelendost
38.0_37.0,Kahramanmaraş,Ekinözü
38.0_39.75,Diyarbakır,Ergani
38.0_40.0,Diyarbakır,Eğil
38.0_40.25,Diyarbakır,Sur
38.0_40.5,Diyarbakır,Sur
38.0_40.75,Diyarbakır,Silvan
38.0_41.75,Siirt,Baykan
38.25_27.0,İzmir,Karabağlar
38.25_29.25,Uşak,Ulubey
38.25_31.25,Konya,Akşehir
38.25_31.5,Konya,Akşehir
38.25_36.0,Kayseri,Tomarza
38.25_38.25,Malatya,Battalgazi
38.25_38.5,Malatya,Battalgazi
38.25_40.25,Diyarbakır,Hani
38.25_41.75,Bitlis,Mutki
38.5_26.75,İzmir,Foça
38.5_30.5,Afyonkarahisar,Bilinmiyor
38.5_31.5,Konya,Tuzlukçu
38.5_31.75,Konya,Yunak
38.5_34.0,Aksaray,Bilinmiyor
38.5_38.25,Elazığ,Baskil
38.5_39.0,Elazığ,Bilinmiyor
38.5_39.25,Elazığ,Bilinmiyor
38.75_26.75,İzmir,Bilinmiyor
38.75_30.5,Afyonkarahisar,Bilinmiyor
38.75_31.75,Konya,Yunak
38.75_32.25,Konya,Yunak
38.75_32.75,Konya,Cihanbeyli
38.75_33.75,Aksaray,Ağaçören
38.75_34.25,Kırşehir,Mucur
38.75_34.5,Nevşehir,Hacıbektaş
38.75_35.5,Kayseri,Kocasinan
38.75_37.75,Malatya,Hekimhan
38.75_38.75,Elazığ,Keban
38.75_39.75,Elazığ,Karakoçan
39.0_27.25,İzmir,Kınık
39.0_27.5,Manisa,Soma
39.0_31.5,Eskişehir,Sivrihisar
39.0_33.0,Konya,Kulu
39.0_34.5,Nevşehir,Hacıbektaş
39.0_35.0,Yozgat,Boğazlıyan
39.0_40.75,Bingöl,Karlıova
39.25_30.0,Kütahya,Bilinmiyor
39.25_33.5,Kırşehir,Kaman
39.25_34.5,Kırşehir,Çiçekdağı
39.25_34.75,Yozgat,Kozaklı
39.25_35.25,Yozgat,Sarıkaya Deresi
39.25_42.25,Muş,Malazgirt
39.5_27.75,Balıkesir,Altıeylül
39.5_30.0,Kütahya,Bilinmiyor
39.5_31.75,Eskişehir,Sivrihisar
39.5_34.0,Kırşehir,Akçakent
39.5_34.5,Yozgat,Yerköy
39.5_42.75,Ağrı,Tutak
39.75_28.75,Bursa,Orhaneli
39.75_30.25,Eskişehir,Tepebaşı
39.75_32.75,Ankara,Çankaya
39.75_33.0,Ankara,Mamak
39.75_33.25,Kırıkkale,Yahşihan
39.75_34.5,Yozgat,Yozgat Merkez
39.75_34.75,Yozgat,Yozgat Merkez
39.75_43.0,Ağrı,Bilinmiyor
40.0_28.75,Bursa,Nilüfer
40.0_29.75,Bilecik,Bilinmiyor
40.0_32.5,Ankara,Kahramankazan
40.0_32.75,Ankara,Pursaklar
40.0_34.25,Çorum,Sungurlu
40.0_34.75,Çorum,Alaca
40.0_35.0,Çorum,Alaca
40.0_35.75,Tokat,Zile
40.25_29.25,Bursa,Orhangazi
40.25_30.0,Bilecik,Osmaneli
40.25_33.25,Ankara,Kalecik
40.25_33.5,Çankırı,Bilinmiyor
40.25_33.75,Çankırı,Bilinmiyor
40.25_34.0,Çorum,Sungurlu
40.25_34.25,Çorum,Sungurlu
40.25_40.5,Erzurum,Pazaryolu
40.5_26.5,Edirne,Keşan
40.5_30.25,Sakarya,Geyve
40.5_34.0,Çorum,Bayat
40.5_34.25,Çorum,İskilip
40.5_34.75,Çorum,Bilinmiyor
40.5_36.5,Tokat,Erbaa
40.75_29.25,İstanbul,Tuzla
40.75_29.5,Kocaeli,Dilovası
40.75_29.75,Kocaeli,Derince
40.75_31.75,Bolu,Mengen
40.75_35.25,Amasya,Merzifon
40.75_35.5,Amasya,Merzifon
41.0_32.5,Karabük,Bilinmiyor
41.0_36.0,Samsun,Kavak
41.0_36.25,Samsun,Tekkeköy
41.25_27.5,Tekirdağ,Ergene
41.5_27.5,Kırklareli,Vize
41.5_35.75,Samsun,Bafra
41.75_26.5,Edirne,Lalapaşa
35.75_36.0,Hatay,Yayladağı
35.75_36.25,İdlip İli,منطقة جسر الشغور
36.0_30.0,Antalya,Bilinmiyor
36.0_32.25,Antalya,Bilinmiyor
36.0_32.5,Mersin,Anamur
36.0_32.75,Mersin,Anamur
36.0_33.0,Mersin,Bozyazı
36.0_33.25,Mersin,Aydıncık
36.0_33.5,Mersin,Bilinmiyor
36.0_35.75,Hatay,Bilinmiyor
36.0_36.0,Hatay,Defne
36.0_36.25,Hatay,Altınözü
36.0_36.5,İdlip İli,منطقة حارم
36.25_29.0,Muğla,Bilinmiyor
36.25_29.5,Antalya,Kaş
36.25_29.75,Antalya,Kaş
36.25_30.25,Antalya,Kumluca
36.25_32.0,Antalya,Bilinmiyor
36.25_32.25,Antalya,Gazipaşa
36.25_32.5,Mersin,Anamur
36.25_32.75,Mersin,Anamur
36.25_33.0,Mersin,Gülnar
36.25_33.25,Mersin,Gülnar
36.25_33.75,Mersin,Silifke
36.25_34.0,Mersin,Bilinmiyor
36.25_35.75,Hatay,Arsuz
36.25_36.0,Hatay,Antakya
36.25_36.5,Halep İli,Bilinmiyor
36.5_28.5,Muğla,Bilinmiyor
36.5_28.75,Muğla,Bilinmiyor
36.5_29.0,Muğla,Fethiye
36.5_29.25,Muğla,Seydikemer
36.5_29.5,Muğla,Seydikemer
36.5_29.75,Antalya,Elmalı
36.5_30.0,Antalya,Elmalı
36.5_30.25,Antalya,Kumluca
36.5_30.5,Antalya,Bilinmiyor
36.5_31.25,Antalya,Bilinmiyor
36.5_31.5,Antalya,Bilinmiyor
36.5_31.75,Antalya,Alanya
36.5_32.0,Antalya,Alanya
36.5_32.25,Antalya,Alanya
36.5_32.5,Karaman,Sarıveliler
36.5_32.75,Karaman,Ermenek
36.5_33.0,Mersin,Mut
36.5_33.25,Mersin,Mut
36.5_33.5,Mersin,Mut
36.5_33.75,Mersin,Silifke
36.5_34.0,Mersin,Erdemli
36.5_34.25,Mersin,Bilinmiyor
36.5_34.75,Adana,Bilinmiyor
36.5_35.25,Adana,Karataş
36.5_36.5,Halep İli,Bilinmiyor
36.5_36.75,Halep İli,Bilinmiyor
36.5_37.0,Halep İli,Bilinmiyor
36.5_37.25,Halep İli,Bilinmiyor
36.5_38.5,Rakka İli,منطقة تل أبيض
36.5_38.75,Rakka İli,منطقة تل أبيض
36.5_39.0,Rakka İli,منطقة تل أبيض
36.5_39.25,Rakka İli,منطقة تل أبيض
36.5_39.5,Hasiçi İli,منطقة رأس العين
36.75_28.0,Muğla,Marmaris
36.75_28.25,Muğla,Marmaris
36.75_28.5,Muğla,Köyceğiz
36.75_28.75,Muğla,Dalaman
36.75_29.0,Muğla,Dalaman
36.75_29.25,Burdur,Gölhisar
36.75_29.5,Muğla,Seydikemer
36.75_29.75,Antalya,Korkuteli
36.75_30.0,Antalya,Korkuteli
36.75_30.25,Antalya,Konyaaltı
36.75_30.75,Antalya,Aksu
36.75_31.25,Antalya,Manavgat
36.75_31.75,Antalya,Bilinmiyor
36.75_32.0,Antalya,Gündoğmuş
36.75_32.25,Konya,Hadim
36.75_32.5,Konya,Taşkent
36.75_33.0,Karaman,Bilinmiyor
36.75_33.25,Mersin,Mut
36.75_33.5,Mersin,Mut
36.75_34.25,Mersin,Mezitli
36.75_34.5,Mersin,Toroslar
36.75_35.5,Adana,Yüreğir
36.75_36.0,Hatay,Dörtyol
36.75_36.25,Hatay,Dörtyol
36.75_36.5,Gaziantep,İslahiye
36.75_36.75,Kilis,Musabeyli
36.75_37.0,Kilis,Polateli
36.75_37.25,Gaziantep,Şahinbey
36.75_37.5,Gaziantep,Oğuzeli
36.75_37.75,Gaziantep,Karkamış
36.75_38.0,Halep İli,Bilinmiyor
36.75_38.25,Halep İli,ناحية مركز عين العرب
36.75_38.75,Şanlıurfa,Akçakale
36.75_39.0,Şanlıurfa,Harran
36.75_39.5,Şanlıurfa,Ceylanpınar
36.75_39.75,Şanlıurfa,Ceylanpınar
36.75_40.0,Şanlıurfa,Ceylanpınar
36.75_40.25,Hasiçi İli,منطقة رأس العين
37.0_27.25,Muğla,Bodrum
37.0_27.5,Muğla,Bodrum
37.0_27.75,Muğla,Milas
37.0_28.0,Muğla,Menteşe
37.0_28.25,Muğla,Ula
37.0_28.75,Muğla,Köyceğiz
37.0_29.0,Denizli,Acıpayam
37.0_29.25,Denizli,Çameli
37.0_29.5,Burdur,Gölhisar
37.0_29.75,Antalya,Korkuteli
37.0_30.0,Antalya,Korkuteli
37.0_30.25,Antalya,Korkuteli
37.0_30.5,Antalya,Döşemealtı
37.0_31.0,Antalya,Manavgat
37.0_31.5,Antalya,İbradı
37.0_32.25,Konya,Bozkır
37.0_33.0,Karaman,Bilinmiyor
37.0_33.25,Karaman,Bilinmiyor
37.0_33.5,Karaman,Bilinmiyor
37.0_34.25,Mersin,Toroslar
37.0_34.5,Mersin,Çamlıyayla
37.0_34.75,Mersin,Tarsus
37.0_35.25,Adana,Sarıçam
37.0_36.25,Osmaniye,Bilinmiyor
37.0_36.5,Osmaniye,Hasanbeyli
37.0_37.0,Gaziantep,Şehitkamil
37.0_37.25,Gaziantep,Şehitkamil
37.0_37.5,Gaziantep,Şehitkamil
37.0_37.75,Gaziantep,Nizip
37.0_38.0,Şanlıurfa,Birecik
37.0_38.5,Şanlıurfa,Karaköprü
37.0_38.75,Şanlıurfa,Haliliye
37.0_39.75,Şanlıurfa,Ceylanpınar
37.0_40.25,Mardin,Kızıltepe
37.0_40.5,Mardin,Kızıltepe
37.0_40.75,Hasiçi İli,Kamışlı
37.0_41.0,Mardin,Nusaybin
37.0_41.25,Mardin,Nusaybin
37.0_41.5,Mardin,Nusaybin
37.0_41.75,Hasiçi İli,منطقة المالكية
37.0_42.25,Şırnak,Silopi
37.0_44.0,Erbil ili,قەزای مێرگەسۆر
37.0_44.25,Hakkâri,Derecik
37.25_27.25,Aydın,Didim
37.25_27.5,Muğla,Milas
37.25_27.75,Muğla,Milas
37.25_28.0,Muğla,Yatağan
37.25_28.25,Muğla,Kavaklıdere
37.25_28.5,Muğla,Menteşe
37.25_29.25,Denizli,Acıpayam
37.25_29.5,Burdur,Karamanlı
37.25_29.75,Burdur,Karamanlı
37.25_30.0,Burdur,Kemer
37.25_30.5,Burdur,Bucak
37.25_30.75,Burdur,Bucak
37.25_31.75,Konya,Seydişehir
37.25_32.0,Konya,Seydişehir
37.25_32.25,Konya,Akören
37.25_32.75,Konya,Çumra
37.25_33.0,Karaman,Bilinmiyor
37.25_33.25,Karaman,Bilinmiyor
37.25_33.5,Karaman,Ayrancı
37.25_33.75,Karaman,Ayrancı
37.25_34.0,Konya,Ereğli
37.25_34.25,Konya,Halkapınar
37.25_34.5,Mersin,Tarsus
37.25_34.75,Adana,Pozantı
37.25_35.0,Adana,Karaisalı
37.25_35.25,Adana,Karaisalı
37.25_36.0,Osmaniye,Kadirli
37.25_36.25,Kahramanmaraş,Andırın
37.25_36.5,Kahramanmaraş,Onikişubat
37.25_37.25,Kahramanmaraş,Pazarcık
37.25_37.5,Gaziantep,Yavuzeli
37.25_37.75,Gaziantep,Araban
37.25_38.0,Şanlıurfa,Bozova
37.25_38.25,Şanlıurfa,Bozova
37.25_38.75,Şanlıurfa,Karaköprü
37.25_39.75,Şanlıurfa,Viranşehir
37.25_40.0,Mardin,Derik
37.25_40.25,Mardin,Mazıdağı
37.25_40.5,Mardin,Artuklu
37.25_41.25,Mardin,Midyat
37.25_41.5,Şırnak,İdil
37.25_41.75,Şırnak,İdil
37.25_42.5,Şırnak,Silopi
37.25_42.75,Şırnak,Uludere
37.25_43.0,Şırnak,Uludere
37.25_43.25,Hakkâri,Çukurca
37.25_43.75,Hakkâri,Bilinmiyor
37.25_44.0,Hakkâri,Yüksekova
37.25_44.25,Hakkâri,Şemdinli
37.5_27.0,Aydın,Bilinmiyor
37.5_27.25,Aydın,Söke
37.5_27.5,Aydın,Söke
37.5_27.75,Aydın,Karpuzlu
37.5_28.0,Aydın,Çine
37.5_28.25,Aydın,Bozdoğan
37.5_28.5,Aydın,Karacasu
37.5_28.75,Denizli,Tavas
37.5_29.0,Denizli,Tavas
37.5_29.25,Denizli,Serinhisar
37.5_29.5,Burdur,Yeşilova
37.5_29.75,Burdur,Yeşilova
37.5_30.0,Burdur,Bilinmiyor
37.5_30.25,Burdur,Bilinmiyor
37.5_30.5,Burdur,Ağlasun
37.5_30.75,Isparta,Eğirdir
37.5_31.25,Konya,Beyşehir
37.5_31.5,Konya,Beyşehir
37.5_31.75,Konya,Seydişehir
37.5_32.25,Konya,Meram
37.5_32.5,Konya,Çumra
37.5_33.0,Konya,Çumra
37.5_33.25,Konya,Karapınar
37.5_33.5,Konya,Karapınar
37.5_33.75,Konya,Karapınar
37.5_34.0,Konya,Ereğli
37.5_34.25,Niğde,Ulukışla
37.5_34.5,Niğde,Ulukışla
37.5_34.75,Adana,Pozantı
37.5_35.0,Adana,Aladağ
37.5_35.5,Adana,Kozan
37.5_35.75,Adana,Kozan
37.5_36.0,Osmaniye,Sumbas
37.5_36.25,Kahramanmaraş,Andırın
37.5_36.5,Kahramanmaraş,Onikişubat
37.5_36.75,Kahramanmaraş,Onikişubat
37.5_37.0,Kahramanmaraş,Dulkadiroğlu
37.5_37.5,Adıyaman,Gölbaşı
37.5_37.75,Adıyaman,Besni
37.5_38.5,Adıyaman,Kâhta
37.5_38.75,Şanlıurfa,Hilvan
37.5_39.5,Şanlıurfa,Siverek
37.5_39.75,Diyarbakır,Çınar
37.5_40.0,Diyarbakır,Çınar
37.5_40.25,Mardin,Mazıdağı
37.5_40.5,Diyarbakır,Çınar
37.5_40.75,Diyarbakır,Bismil
37.5_41.0,Batman,Gercüş
37.5_41.25,Batman,Gercüş
37.5_41.5,Batman,Gercüş
37.5_41.75,Şırnak,Güçlükonak
37.5_42.0,Şırnak,Şırnak Merkez
37.5_42.5,Şırnak,Şırnak Merkez
37.5_42.75,Şırnak,Beytüşşebap
37.5_43.0,Şırnak,Beytüşşebap
37.5_43.5,Hakkâri,Bilinmiyor
37.5_43.75,Hakkâri,Bilinmiyor
37.5_44.0,Hakkâri,Yüksekova
37.5_44.25,Hakkâri,Yüksekova
37.75_27.0,Bilinmiyor,Bilinmiyor
37.75_27.25,İzmir,Selçuk
37.75_27.75,Aydın,Efeler
37.75_28.25,Aydın,Nazilli
37.75_28.5,Aydın,Kuyucak
37.75_28.75,Denizli,Sarayköy
37.75_29.5,Denizli,Bozkurt
37.75_29.75,Afyonkarahisar,Dazkırı
37.75_30.0,Afyonkarahisar,Başmakçı
37.75_30.75,Isparta,Eğirdir
37.75_31.0,Isparta,Eğirdir
37.75_31.25,Isparta,Şarkikaraağaç
37.75_31.5,Konya,Hüyük
37.75_31.75,Konya,Beyşehir
37.75_32.0,Konya,Meram
37.75_32.25,Konya,Meram
37.75_32.75,Konya,Karatay
37.75_33.0,Konya,Karatay
37.75_33.25,Konya,Karapınar
37.75_33.75,Konya,Emirgazi
37.75_34.0,Konya,Ereğli
37.75_34.25,Niğde,Bor
37.75_34.5,Niğde,Bor
37.75_34.75,Niğde,Çamardı
37.75_35.0,Niğde,Çamardı
37.75_35.25,Kayseri,Yahyalı
37.75_35.5,Adana,Feke
37.75_35.75,Adana,Feke
37.75_36.0,Adana,Saimbeyli
37.75_36.25,Kahramanmaraş,Göksun
37.75_36.5,Kahramanmaraş,Onikişubat
37.75_36.75,Kahramanmaraş,Onikişubat
37.75_37.0,Kahramanmaraş,Dulkadiroğlu
37.75_37.5,Adıyaman,Gölbaşı
37.75_37.75,Adıyaman,Gölbaşı
37.75_38.0,Adıyaman,Bilinmiyor
37.75_38.5,Adıyaman,Kâhta
37.75_39.0,Şanlıurfa,Siverek
37.75_39.25,Şanlıurfa,Siverek
37.75_39.5,Diyarbakır,Ergani
37.75_39.75,Diyarbakır,Bağlar
37.75_40.75,Diyarbakır,Bismil
37.75_41.0,Batman,Bilinmiyor
37.75_41.25,Batman,Beşiri
37.75_41.5,Siirt,Kurtalan
37.75_41.75,Siirt,Bilinmiyor
37.75_42.0,Siirt,Bilinmiyor
37.75_42.25,Siirt,Pervari
37.75_42.5,Siirt,Pervari
37.75_42.75,Van,Çatak
37.75_43.25,Van,Gürpınar
37.75_43.5,Van,Gürpınar
37.75_43.75,Van,Başkale
37.75_44.0,Van,Başkale
38.0_26.25,İzmir,Bilinmiyor
38.0_26.5,İzmir,Bilinmiyor
38.0_26.75,İzmir,Seferihisar
38.0_27.0,İzmir,Menderes
38.0_27.25,İzmir,Torbalı
38.0_27.5,İzmir,Tire
38.0_27.75,İzmir,Tire
38.0_28.0,İzmir,Ödemiş
38.0_28.25,İzmir,Kiraz
38.0_28.5,Manisa,Sarıgöl
38.0_28.75,Denizli,Buldan
38.0_29.0,Denizli,Güney
38.0_29.25,Denizli,Çal
38.0_29.5,Denizli,Çivril
38.0_29.75,Afyonkarahisar,Evciler
38.0_30.0,Afyonkarahisar,Dinar
38.0_30.25,Isparta,Uluborlu
38.0_30.5,Isparta,Senirkent
38.0_31.0,Isparta,Gelendost
38.0_31.25,Isparta,Şarkikaraağaç
38.0_31.5,Konya,Doğanhisar
38.0_31.75,Konya,Ilgın
38.0_32.0,Konya,Kadınhanı
38.0_32.25,Konya,Selçuklu
38.0_32.5,Konya,Selçuklu
38.0_32.75,Konya,Altınekin
38.0_33.0,Konya,Karatay
38.0_33.25,Aksaray,Eskil
38.0_33.5,Aksaray,Sultanhanı
38.0_33.75,Aksaray,Bilinmiyor
38.0_34.0,Aksaray,Bilinmiyor
38.0_34.25,Niğde,Çiftlik
38.0_34.5,Niğde,Bilinmiyor
38.0_34.75,Niğde,Bilinmiyor
38.0_35.0,Niğde,Bilinmiyor
38.0_35.25,Kayseri,Yahyalı
38.0_35.5,Kayseri,Develi
38.0_35.75,Kayseri,Develi
38.0_36.0,Adana,Tufanbeyli
38.0_36.25,Kahramanmaraş,Göksun
38.0_36.5,Kahramanmaraş,Göksun
38.0_36.75,Kahramanmaraş,Göksun
38.0_37.25,Kahramanmaraş,Elbistan
38.0_37.5,Kahramanmaraş,Elbistan
38.0_37.75,Malatya,Doğanşehir
38.0_38.0,Malatya,Yeşilyurt
38.0_38.25,Malatya,Yeşilyurt
38.0_38.5,Malatya,Pütürge
38.0_38.75,Malatya,Pütürge
38.0_39.0,Adıyaman,Gerger
38.0_39.25,Diyarbakır,Çermik
38.0_39.5,Diyarbakır,Çermik
38.0_41.0,Diyarbakır,Silvan
38.0_41.25,Batman,Kozluk
38.0_41.5,Siirt,Baykan
38.0_42.0,Siirt,Şirvan
38.0_42.25,Bitlis,Hizan
38.0_42.5,Bitlis,Hizan
38.0_42.75,Van,Bahçesaray
38.0_43.0,Van,Çatak
38.0_43.25,Van,Gürpınar
38.25_26.25,İzmir,Bilinmiyor
38.25_26.5,İzmir,Bilinmiyor
38.25_26.75,İzmir,Güzelbahçe
38.25_27.25,İzmir,Kemalpaşa
38.25_27.5,İzmir,Kemalpaşa
38.25_27.75,İzmir,Ödemiş
38.25_28.0,Manisa,Salihli
38.25_28.25,Manisa,Alaşehir
38.25_28.5,Manisa,Alaşehir
38.25_28.75,Uşak,Eşme
38.25_29.0,Uşak,Ulubey
38.25_29.5,Uşak,Karahallı
38.25_29.75,Denizli,Çivril
38.25_30.0,Afyonkarahisar,Sandıklı
38.25_30.25,Afyonkarahisar,Sandıklı
38.25_30.5,Afyonkarahisar,Şuhut
38.25_30.75,Isparta,Yalvaç
38.25_31.0,Isparta,Yalvaç
38.25_31.75,Konya,Ilgın
38.25_32.0,Konya,Ilgın
38.25_32.25,Konya,Sarayönü
38.25_32.5,Konya,Altınekin
38.25_32.75,Konya,Altınekin
38.25_33.0,Konya,Altınekin
38.25_33.25,Aksaray,Eskil
38.25_33.5,Aksaray,Eskil
38.25_33.75,Aksaray,Bilinmiyor
38.25_34.0,Aksaray,Bilinmiyor
38.25_34.25,Aksaray,Gülağaç
38.25_34.5,Nevşehir,Derinkuyu
38.25_34.75,Kayseri,Yeşilhisar
38.25_35.0,Kayseri,Yeşilhisar
38.25_35.25,Kayseri,Develi
38.25_35.5,Kayseri,Develi
38.25_35.75,Kayseri,Tomarza
38.25_36.25,Adana,Tufanbeyli
38.25_36.5,Kahramanmaraş,Göksun
38.25_36.75,Kahramanmaraş,Afşin
38.25_37.0,Kahramanmaraş,Elbistan
38.25_37.25,Kahramanmaraş,Elbistan
38.25_37.5,Malatya,Darende
38.25_37.75,Malatya,Akçadağ
38.25_38.0,Malatya,Yeşilyurt
38.25_38.75,Malatya,Kale
38.25_39.0,Elazığ,Sivrice
38.25_39.25,Elazığ,Sivrice
38.25_39.5,Elazığ,Maden
38.25_39.75,Elazığ,Alacakaya
38.25_40.0,Diyarbakır,Dicle
38.25_40.5,Diyarbakır,Lice
38.25_40.75,Diyarbakır,Lice
38.25_41.0,Diyarbakır,Kulp
38.25_41.25,Batman,Sason
38.25_41.5,Bitlis,Mutki
38.25_42.0,Bitlis,Bilinmiyor
38.25_42.25,Bitlis,Bilinmiyor
38.25_42.5,Bitlis,Tatvan
38.25_42.75,Van,Gevaş
38.25_43.0,Van,Edremit
38.25_43.25,Van,Edremit
38.25_43.5,Van,Gürpınar
38.25_43.75,Van,Gürpınar
38.25_44.25,Batı Azerbaycan Eyaleti,Hoy
38.5_27.0,İzmir,Menemen
38.5_27.25,Manisa,Yunus Emre
38.5_27.5,Manisa,Şehzadeler
38.5_27.75,Manisa,Saruhanlı
38.5_28.0,Manisa,Salihli
38.5_28.25,Manisa,Salihli
38.5_28.5,Manisa,Kula
38.5_28.75,Uşak,Bilinmiyor
38.5_29.0,Uşak,Bilinmiyor
38.5_29.25,Uşak,Bilinmiyor
38.5_29.5,Uşak,Sivaslı
38.5_29.75,Uşak,Banaz
38.5_30.0,Afyonkarahisar,Sandıklı
38.5_30.25,Afyonkarahisar,Sinanpaşa
38.5_30.75,Afyonkarahisar,Çay
38.5_31.0,Afyonkarahisar,Çay
38.5_31.25,Afyonkarahisar,Sultandağı
38.5_32.0,Konya,Kadınhanı
38.5_32.25,Konya,Sarayönü
38.5_32.5,Konya,Sarayönü
38.5_32.75,Konya,Cihanbeyli
38.5_33.0,Konya,Cihanbeyli
38.5_33.25,Aksaray,Eskil
38.5_33.5,Aksaray,Bilinmiyor
38.5_33.75,Aksaray,Bilinmiyor
38.5_34.25,Nevşehir,Gülşehir
38.5_34.5,Nevşehir,Nevşehir Merkez
38.5_34.75,Nevşehir,Ürgüp
38.5_35.0,Kayseri,İncesu
38.5_35.25,Kayseri,Hacılar
38.5_35.5,Kayseri,Talas
38.5_35.75,Kayseri,Bünyan
38.5_36.0,Kayseri,Pınarbaşı
38.5_36.25,Kayseri,Pınarbaşı
38.5_36.5,Kayseri,Sarız
38.5_36.75,Sivas,Gürün
38.5_37.0,Sivas,Gürün
38.5_37.25,Sivas,Gürün
38.5_37.5,Malatya,Darende
38.5_37.75,Malatya,Hekimhan
38.5_38.0,Malatya,Yazıhan
38.5_38.5,Elazığ,Baskil
38.5_38.75,Elazığ,Baskil
38.5_39.5,Elazığ,Bilinmiyor
38.5_39.75,Elazığ,Palu
38.5_40.25,Bingöl,Genç
38.5_40.5,Bingöl,Genç
38.5_40.75,Bingöl,Genç
38.5_41.0,Diyarbakır,Kulp
38.5_41.25,Muş,Bilinmiyor
38.5_41.5,Muş,Hasköy
38.5_41.75,Muş,Hasköy
38.5_42.0,Bitlis,Güroymak
38.5_42.25,Bitlis,Tatvan
38.5_43.0,Van,Tuşba
38.5_43.25,Van,Tuşba
38.5_43.5,Van,İpekyolu
38.5_44.0,Van,Saray
38.75_27.0,İzmir,Aliağa
38.75_27.25,Manisa,Yunus Emre
38.75_27.5,Manisa,Saruhanlı
38.75_27.75,Manisa,Akhisar
38.75_28.0,Manisa,Gördes
38.75_28.25,Manisa,Gördes
38.75_28.5,Manisa,Demirci
38.75_28.75,Manisa,Selendi
38.75_29.0,Kütahya,Şaphane
38.75_29.25,Uşak,Bilinmiyor
38.75_29.5,Uşak,Banaz
38.75_29.75,Uşak,Banaz
38.75_30.0,Kütahya,Dumlupınar
38.75_30.25,Afyonkarahisar,Bilinmiyor
38.75_30.75,Afyonkarahisar,İscehisar
38.75_31.0,Afyonkarahisar,Bolvadin
38.75_31.25,Afyonkarahisar,Emirdağ
38.75_31.5,Konya,Yunak
38.75_32.0,Konya,Yunak
38.75_32.5,Konya,Cihanbeyli
38.75_33.0,Konya,Kulu
38.75_33.25,Ankara,Şereflikoçhisar
38.75_33.5,Ankara,Şereflikoçhisar
38.75_34.0,Kırşehir,Bilinmiyor
38.75_34.75,Nevşehir,Avanos
38.75_35.0,Kayseri,Kocasinan
38.75_35.25,Kayseri,Kocasinan
38.75_35.75,Kayseri,Bünyan
38.75_36.0,Kayseri,Akkışla
38.75_36.25,Kayseri,Pınarbaşı
38.75_36.5,Kayseri,Pınarbaşı
38.75_36.75,Sivas,Gürün
38.75_37.0,Sivas,Gürün
38.75_37.25,Sivas,Gürün
38.75_37.5,Malatya,Kuluncak
38.75_38.0,Malatya,Hekimhan
38.75_38.25,Malatya,Arguvan
38.75_38.5,Elazığ,Ağın
38.75_39.0,Elazığ,Bilinmiyor
38.75_39.25,Tunceli,Pertek
38.75_39.5,Tunceli,Mazgirt
38.75_40.0,Elazığ,Karakoçan
38.75_40.25,Bingöl,Bilinmiyor
38.75_40.5,Bingöl,Bilinmiyor
38.75_40.75,Bingöl,Solhan
38.75_41.0,Muş,Bilinmiyor
38.75_41.25,Muş,Bilinmiyor
38.75_41.5,Muş,Bilinmiyor
38.75_41.75,Muş,Korkut
38.75_42.0,Muş,Bulanık
38.75_42.25,Bitlis,Ahlat
38.75_42.5,Bitlis,Adilcevaz
38.75_42.75,Bitlis,Adilcevaz
38.75_43.0,Bitlis,Adilcevaz
38.75_43.25,Van,Tuşba
38.75_43.5,Van,Tuşba
38.75_43.75,Van,Özalp
38.75_44.0,Van,Özalp
39.0_26.5,Περιφέρεια Βόρειου Αιγαίου,Περιφερειακή Ενότητα Λέσβου
39.0_26.75,İzmir,Dikili
39.0_27.0,İzmir,Bergama
39.0_27.75,Manisa,Kırkağaç
39.0_28.0,Balıkesir,Sındırgı
39.0_28.25,Manisa,Gördes
39.0_28.5,Kütahya,Simav
39.0_28.75,Kütahya,Simav
39.0_29.0,Kütahya,Simav
39.0_29.25,Kütahya,Gediz
39.0_29.5,Kütahya,Çavdarhisar
39.0_29.75,Kütahya,Aslanapa
39.0_30.0,Kütahya,Altıntaş
39.0_30.25,Afyonkarahisar,İhsaniye
39.0_30.5,Eskişehir,Seyitgazi
39.0_30.75,Eskişehir,Han
39.0_31.0,Afyonkarahisar,Emirdağ
39.0_31.25,Afyonkarahisar,Emirdağ
39.0_31.75,Konya,Çeltik
39.0_32.0,Ankara,Polatlı
39.0_32.25,Ankara,Haymana
39.0_32.5,Ankara,Haymana
39.0_32.75,Konya,Kulu
39.0_33.25,Ankara,Şereflikoçhisar
39.0_33.5,Ankara,Şereflikoçhisar
39.0_33.75,Kırşehir,Bilinmiyor
39.0_34.0,Kırşehir,Bilinmiyor
39.0_34.25,Kırşehir,Mucur
39.0_34.75,Nevşehir,Kozaklı
39.0_35.25,Yozgat,Boğazlıyan
39.0_35.5,Kayseri,Felahiye
39.0_35.75,Kayseri,Sarıoğlan
39.0_36.0,Sivas,Gemerek
39.0_36.25,Sivas,Gemerek
39.0_36.5,Kayseri,Pınarbaşı
39.0_36.75,Sivas,Kangal
39.0_37.0,Sivas,Kangal
39.0_37.25,Sivas,Kangal
39.0_37.5,Sivas,Kangal
39.0_37.75,Sivas,Kangal
39.0_38.0,Sivas,Divriği
39.0_38.25,Erzincan,Kemaliye
39.0_38.75,Tunceli,Çemişgezek
39.0_39.5,Tunceli,Tunceli Merkez
39.0_39.75,Tunceli,Nazmiye
39.0_40.0,Elazığ,Karakoçan
39.0_40.25,Bingöl,Bilinmiyor
39.0_40.5,Bingöl,Adaklı
39.0_41.0,Bingöl,Karlıova
39.0_41.25,Muş,Varto
39.0_41.5,Muş,Varto
39.0_41.75,Muş,Bulanık
39.0_42.0,Muş,Bulanık
39.0_42.25,Muş,Malazgirt
39.0_42.5,Muş,Malazgirt
39.0_42.75,Ağrı,Panos
39.0_43.0,Van,Erciş
39.0_43.25,Van,Erciş
39.0_43.5,Van,Erciş
39.0_43.75,Van,Çaldıran
39.0_44.0,Van,Çaldıran
39.25_26.5,Balıkesir,Ayvalık
39.25_26.75,Balıkesir,Gömeç
39.25_27.0,Balıkesir,Burhaniye
39.25_27.25,İzmir,Bergama
39.25_27.5,Balıkesir,Savaştepe
39.25_27.75,Balıkesir,Altıeylül
39.25_28.0,Balıkesir,Bigadiç
39.25_29.0,Kütahya,Emet
39.25_29.25,Kütahya,Emet
39.25_29.5,Kütahya,Tavşanlı
39.25_29.75,Kütahya,Bilinmiyor
39.25_30.25,Eskişehir,Seyitgazi
39.25_30.5,Eskişehir,Seyitgazi
39.25_30.75,Eskişehir,Çifteler
39.25_31.0,Eskişehir,Çifteler
39.25_31.25,Eskişehir,Sivrihisar
39.25_31.5,Eskişehir,Sivrihisar
39.25_31.75,Eskişehir,Günyüzü
39.25_32.0,Ankara,Polatlı
39.25_32.25,Ankara,Haymana
39.25_32.5,Ankara,Haymana
39.25_32.75,Ankara,Gölbaşı
39.25_33.0,Ankara,Balâ
39.25_33.25,Ankara,Balâ
39.25_33.75,Kırşehir,Kaman
39.25_34.0,Kırşehir,Bilinmiyor
39.25_34.25,Kırşehir,Boztepe
39.25_35.0,Yozgat,Boğazlıyan
39.25_35.5,Yozgat,Çayıralan
39.25_35.75,Sivas,Gemerek
39.25_36.0,Sivas,Gemerek
39.25_36.25,Sivas,Şarkışla Belediyesi
39.25_36.5,Sivas,Sivas Merkez
39.25_36.75,Sivas,Altınyayla
39.25_37.0,Sivas,Ulaş
39.25_37.25,Sivas,Kangal
39.25_37.5,Sivas,Kangal
39.25_37.75,Sivas,Divriği
39.25_38.0,Sivas,Divriği Belediyesi
39.25_38.25,Sivas,Divriği
39.25_38.5,Erzincan,İliç
39.25_39.0,Tunceli,Ovacık
39.25_39.25,Tunceli,Ovacık
39.25_39.75,Tunceli,Pülümür
39.25_40.0,Tunceli,Pülümür
39.25_40.25,Bingöl,Kiğı
39.25_40.5,Bingöl,Yedisu
39.25_40.75,Bingöl,Karlıova
39.25_41.0,Bingöl,Karlıova
39.25_41.5,Erzurum,Hınıs
39.25_41.75,Erzurum,Hınıs
39.25_42.0,Erzurum,Karaçoban
39.25_42.5,Ağrı,Tutak
39.25_42.75,Ağrı,Panos
39.25_43.0,Ağrı,Hamur
39.25_43.25,Ağrı,Taşlıçay
39.25_43.5,Ağrı,Diyadin
39.25_43.75,Ağrı,Doğubayazıt
39.25_44.0,Batı Azerbaycan Eyaleti,Çaldıran Şehristanı
39.5_26.25,Çanakkale,Ayvacık
39.5_26.5,Çanakkale,Ayvacık
39.5_26.75,Balıkesir,Edremit
39.5_27.0,Balıkesir,Havran
39.5_27.25,Balıkesir,İvrindi
39.5_27.5,Balıkesir,İvrindi
39.5_28.0,Balıkesir,Kepsut
39.5_28.25,Balıkesir,Dursunbey
39.5_28.5,Balıkesir,Dursunbey
39.5_28.75,Bursa,Büyükorhan
39.5_29.0,Bursa,Harmancık
39.5_29.25,Kütahya,Tavşanlı
39.5_29.5,Kütahya,Tavşanlı
39.5_29.75,Kütahya,Bilinmiyor
39.5_30.25,Eskişehir,Odunpazarı
39.5_30.5,Eskişehir,Odunpazarı
39.5_30.75,Eskişehir,Mahmudiye
39.5_31.0,Eskişehir,Mahmudiye
39.5_31.25,Eskişehir,Beylikova
39.5_31.5,Eskişehir,Sivrihisar
39.5_32.0,Ankara,Polatlı
39.5_32.25,Ankara,Polatlı
39.5_32.5,Ankara,Gölbaşı
39.5_32.75,Ankara,Gölbaşı
39.5_33.0,Ankara,Balâ
39.5_33.25,Kırıkkale,Karakeçili
39.5_33.5,Kırıkkale,Keskin
39.5_33.75,Kırıkkale,Keskin
39.5_34.25,Kırşehir,Çiçekdağı
39.5_34.75,Yozgat,Yozgat Merkez
39.5_35.0,Yozgat,Sorgun
39.5_35.25,Yozgat,Sarıkaya Deresi
39.5_35.5,Yozgat,Akdağmadeni
39.5_35.75,Yozgat,Akdağmadeni
39.5_36.0,Yozgat,Akdağmadeni
39.5_36.25,Sivas,Şarkışla
39.5_36.5,Sivas,Sivas Merkez
39.5_36.75,Sivas,Sivas Merkez
39.5_37.0,Sivas,Sivas Merkez
39.5_37.25,Sivas,Sivas Merkez
39.5_37.5,Sivas,Hafik
39.5_37.75,Sivas,Zara
39.5_38.0,Sivas,Divriği
39.5_38.25,Erzincan,İliç
39.5_38.75,Erzincan,Kemah
39.5_39.0,Erzincan,Kemah
39.5_39.25,Erzincan,Kemah
39.5_39.5,Erzincan,Bilinmiyor
39.5_39.75,Erzincan,Üzümlü
39.5_40.0,Erzincan,Tercan
39.5_40.25,Erzincan,Tercan
39.5_40.5,Erzincan,Tercan
39.5_40.75,Erzurum,Çat
39.5_41.25,Erzurum,Tekman
39.5_41.75,Erzurum,Karayazı
39.5_42.25,Erzurum,Karayazı
39.5_43.0,Ağrı,Bilinmiyor
39.5_43.25,Ağrı,Taşlıçay
39.5_43.5,Ağrı,Diyadin
39.5_43.75,Ağrı,Doğubayazıt
39.5_44.0,Ağrı,Doğubayazıt
39.5_44.25,Ağrı,Doğubayazıt
39.75_26.5,Çanakkale,Bayramiç
39.75_26.75,Çanakkale,Bayramiç
39.75_27.0,Çanakkale,Yenice
39.75_27.25,Çanakkale,Yenice
39.75_27.5,Balıkesir,Balya
39.75_27.75,Balıkesir,Karesi
39.75_28.0,Balıkesir,Susurluk
39.75_28.25,Bursa,Mustafakemalpaşa
39.75_28.5,Bursa,Mustafakemalpaşa
39.75_29.0,Bursa,Keles
39.75_29.25,Bursa,Keles
39.75_29.5,Bursa,İnegöl
39.75_29.75,Bilecik,Bozüyük
39.75_30.0,Bilecik,Bozüyük
39.75_30.5,Eskişehir,Tepebaşı
39.75_30.75,Eskişehir,Tepebaşı
39.75_31.0,Eskişehir,Alpu
39.75_31.25,Eskişehir,Mihalıççık
39.75_31.5,Eskişehir,Mihalıççık
39.75_31.75,Ankara,Beypazarı
39.75_32.0,Ankara,Polatlı
39.75_32.25,Ankara,Ayaş
39.75_32.5,Ankara,Etimesgut
39.75_33.5,Kırıkkale,Kırıkkale Merkez
39.75_33.75,Kırıkkale,Delice
39.75_34.0,Yozgat,Yerköy
39.75_34.25,Yozgat,Yerköy
39.75_35.0,Yozgat,Sorgun
39.75_35.25,Yozgat,Sorgun
39.75_35.5,Yozgat,Saraykent
39.75_35.75,Yozgat,Akdağmadeni
39.75_36.0,Tokat,Sulusaray
39.75_36.25,Sivas,Yıldızeli
39.75_36.5,Sivas,Yıldızeli
39.75_36.75,Sivas,Sivas Merkez
39.75_37.0,Sivas,Bilinmiyor
39.75_37.25,Sivas,Hafik
39.75_37.5,Sivas,Zara
39.75_37.75,Sivas,Zara
39.75_38.0,Sivas,Altınca Köyü
39.75_38.5,Erzincan,Refahiye
39.75_38.75,Erzincan,Refahiye
39.75_39.0,Erzincan,Refahiye
39.75_39.25,Erzincan,Bilinmiyor
39.75_39.5,Gümüşhane,Kelkit
39.75_39.75,Erzincan,Çayırlı
39.75_40.0,Erzincan,Çayırlı
39.75_40.25,Erzincan,Tercan
39.75_40.5,Erzurum,Aşkale
39.75_40.75,Erzurum,Aşkale
39.75_41.0,Erzurum,Aziziye
39.75_41.25,Erzurum,Palandöken
39.75_41.5,Erzurum,Pasinler
39.75_41.75,Erzurum,Köprüköy
39.75_42.0,Erzurum,Horasan
39.75_42.25,Ağrı,Eleşkirt
39.75_42.5,Ağrı,Eleşkirt
39.75_42.75,Ağrı,Eleşkirt
39.75_43.5,Iğdır,Tuzluca
39.75_43.75,Iğdır,Bilinmiyor
39.75_44.0,Iğdır,Bilinmiyor
39.75_44.25,Iğdır,Aralık
40.0_26.25,Çanakkale,Eceabat
40.0_26.75,Çanakkale,Çan
40.0_27.0,Çanakkale,Çan
40.0_27.25,Çanakkale,Yenice
40.0_27.5,Balıkesir,Gönen
40.0_27.75,Balıkesir,Manyas
40.0_28.0,Balıkesir,Bandırma
40.0_28.25,Bursa,Karacabey
40.0_28.5,Bursa,Mustafakemalpaşa
40.0_29.0,Bursa,Osmangazi
40.0_29.25,Bursa,Kestel
40.0_29.5,Bursa,İnegöl
40.0_30.0,Bilecik,Bilinmiyor
40.0_30.25,Bilecik,İnhisar
40.0_30.75,Ankara,Nallıhan
40.0_31.25,Ankara,Nallıhan
40.0_31.5,Ankara,Nallıhan
40.0_31.75,Ankara,Beypazarı
40.0_32.0,Ankara,Güdül
40.0_32.25,Ankara,Ayaş
40.0_33.0,Ankara,Akyurt
40.0_33.25,Ankara,Kalecik
40.0_33.5,Kırıkkale,Sulakyurt
40.0_33.75,Kırıkkale,Sulakyurt
40.0_34.0,Çorum,Sungurlu
40.0_34.5,Çorum,Sungurlu
40.0_35.25,Yozgat,Çekerek
40.0_35.5,Tokat,Zile
40.0_36.0,Tokat,Artova
40.0_36.25,Tokat,Artova
40.0_36.5,Tokat,Bilinmiyor
40.0_36.75,Sivas,Yıldızeli
40.0_37.0,Sivas,Bilinmiyor
40.0_37.25,Sivas,Hafik
40.0_37.5,Sivas,Doğanşar
40.0_37.75,Sivas,Zara
40.0_38.0,Sivas,Suşehri
40.0_38.25,Sivas,Akıncılar
40.0_38.5,Giresun,Çamoluk
40.0_39.0,Gümüşhane,Şiran
40.0_39.25,Gümüşhane,Kelkit
40.0_39.75,Bayburt,Demirözü
40.0_40.0,Bayburt,Bilinmiyor
40.0_40.25,Bayburt,Bilinmiyor
40.0_40.5,Bayburt,Bilinmiyor
40.0_40.75,Erzurum,Aziziye
40.0_41.0,Erzurum,Yakutiye
40.0_41.25,Erzurum,Yakutiye
40.0_41.5,Erzurum,Pasinler
40.0_41.75,Erzurum,Köprüköy
40.0_42.0,Erzurum,Horasan
40.0_42.25,Erzurum,Horasan
40.0_42.5,Kars,Sarıkamış
40.0_42.75,Kars,Kağızman
40.0_43.25,Iğdır,Tuzluca
40.0_43.5,Kars,Digor
40.0_43.75,Armavir,Bilinmiyor
40.0_44.0,Armavir,Metzamor
40.0_44.25,Ararat,Bilinmiyor
40.25_26.25,Çanakkale,Gelibolu
40.25_26.5,Çanakkale,Gelibolu
40.25_26.75,Çanakkale,Lapseki
40.25_27.0,Çanakkale,Biga
40.25_27.25,Çanakkale,Bilinmiyor
40.25_27.5,Balıkesir,Bilinmiyor
40.25_27.75,Balıkesir,Bandırma
40.25_28.0,Balıkesir,Bandırma
40.25_28.25,Bursa,Karacabey
40.25_28.5,Bursa,Mudanya
40.25_28.75,Bursa,Mudanya
40.25_29.0,Bursa,Gemlik
40.25_29.5,Bursa,İznik
40.25_29.75,Bilecik,Osmaneli
40.25_30.25,Bilecik,Gölpazarı
40.25_30.5,Bolu,Göynük
40.25_30.75,Bolu,Göynük
40.25_31.0,Bolu,Mudurnu
40.25_31.5,Bolu,Seben
40.25_31.75,Bolu,Kıbrıscık
40.25_32.0,Ankara,Beypazarı
40.25_32.25,Ankara,Kızılcahamam
40.25_32.5,Ankara,Kızılcahamam
40.25_32.75,Ankara,Kızılcahamam
40.25_33.0,Ankara,Çubuk
40.25_34.5,Çorum,Bilinmiyor
40.25_34.75,Çorum,Bilinmiyor
40.25_35.0,Çorum,Bilinmiyor
40.25_35.25,Amasya,Göynücek
40.25_35.5,Amasya,Göynücek
40.25_35.75,Tokat,Zile
40.25_36.0,Tokat,Turhal
40.25_36.25,Tokat,Bilinmiyor
40.25_36.5,Tokat,Bilinmiyor
40.25_36.75,Tokat,Almus
40.25_37.5,Ordu,Mesudiye
40.25_37.75,Ordu,Mesudiye
40.25_38.25,Giresun,Şebinkarahisar
40.25_38.5,Giresun,Şebinkarahisar
40.25_38.75,Giresun,Alucra
40.25_39.0,Gümüşhane,Torul
40.25_39.25,Gümüşhane,Bilinmiyor
40.25_39.5,Gümüşhane,Bilinmiyor
40.25_39.75,Bayburt,Bilinmiyor
40.25_40.0,Bayburt,Aydıntepe
40.25_40.25,Bayburt,Bilinmiyor
40.25_40.75,Erzurum,İspir
40.25_41.0,Erzurum,İspir
40.25_41.25,Erzurum,Tortum
40.25_41.5,Erzurum,Tortum
40.25_41.75,Erzurum,Narman
40.25_42.0,Erzurum,Narman
40.25_42.25,Kars,Sarıkamış
40.25_42.5,Kars,Sarıkamış
40.25_42.75,Kars,Selim
40.25_43.0,Kars,Bilinmiyor
40.25_43.25,Kars,Digor
40.25_43.5,Aragatsotn,Bilinmiyor
40.5_26.0,Edirne,Enez
40.5_26.25,Edirne,Keşan
40.5_26.75,Çanakkale,Gelibolu
40.5_27.0,Tekirdağ,Şarköy
40.5_28.75,Yalova,Bilinmiyor
40.5_29.0,Yalova,Çınarcık
40.5_29.25,Yalova,Çiftlikköy
40.5_29.5,Kocaeli,Karamürsel
40.5_29.75,Kocaeli,Gölcük
40.5_30.0,Kocaeli,Kartepe
40.5_30.5,Sakarya,Akyazı
40.5_30.75,Sakarya,Akyazı
40.5_31.0,Bolu,Mudurnu
40.5_31.25,Bolu,Mudurnu
40.5_31.5,Bolu,Bilinmiyor
40.5_31.75,Bolu,Bilinmiyor
40.5_32.0,Bolu,Dörtdivan
40.5_32.25,Bolu,Gerede
40.5_32.5,Ankara,Kızılcahamam
40.5_32.75,Ankara,Kızılcahamam
40.5_33.0,Çankırı,Orta
40.5_33.25,Çankırı,Korgun
40.5_33.5,Çankırı,Bilinmiyor
40.5_33.75,Çankırı,Yapraklı
40.5_34.5,Çorum,Bilinmiyor
40.5_35.0,Çorum,Bilinmiyor
40.5_35.25,Çorum,Mecitözü
40.5_35.5,Amasya,Amasya
40.5_35.75,Amasya,Amasya
40.5_36.0,Amasya,Amasya
40.5_36.25,Tokat,Erbaa
40.5_36.75,Tokat,Niksar
40.5_37.0,Tokat,Niksar
40.5_37.5,Ordu,Gölköy
40.5_38.25,Giresun,Dereli
40.5_38.5,Giresun,Yağlıdere
40.5_38.75,Giresun,Güce
40.5_39.75,Trabzon,Araklı
40.5_40.0,Trabzon,Köprübaşı
40.5_40.5,Rize,İkizdere
40.5_40.75,Erzurum,İspir
40.5_41.0,Erzurum,İspir
40.5_41.25,Artvin,Yusufeli
40.5_41.5,Erzurum,Uzundere
40.5_42.0,Erzurum,Oltu
40.5_42.25,Erzurum,Şenkaya
40.5_42.5,Kars,Selim
40.5_43.0,Kars,Bilinmiyor
40.5_43.25,Kars,Bilinmiyor
40.5_43.5,Kars,Bilinmiyor
40.75_26.0,Περιφέρεια Ανατολικής Μακεδονίας και Θράκης,Meriç İli
40.75_26.25,Edirne,İpsala
40.75_26.5,Edirne,Keşan
40.75_26.75,Tekirdağ,Malkara
40.75_27.0,Tekirdağ,Malkara
40.75_27.25,Tekirdağ,Süleymanpaşa
40.75_29.0,İstanbul,Adalar
40.75_30.0,Kocaeli,İzmit
40.75_30.25,Sakarya,Adapazarı
40.75_30.5,Sakarya,Hendek
40.75_30.75,Düzce,Gümüşova
40.75_31.0,Düzce,Bilinmiyor
40.75_31.25,Düzce,Yığılca
40.75_32.0,Bolu,Mengen
40.75_32.25,Karabük,Eskipazar
40.75_32.5,Karabük,Eskipazar
40.75_32.75,Çankırı,Çerkeş
40.75_33.0,Çankırı,Atkaracalar
40.75_33.25,Çankırı,Kurşunlu
40.75_33.5,Çankırı,Ilgaz
40.75_33.75,Kastamonu,Tosya
40.75_34.0,Kastamonu,Tosya
40.75_34.5,Çorum,Dodurga
40.75_34.75,Çorum,Osmancık
40.75_35.0,Amasya,Gümüşhacıköy
40.75_35.75,Samsun,Ladik
40.75_36.0,Amasya,Taşova
40.75_36.25,Amasya,Taşova
40.75_36.75,Ordu,Akkuş
40.75_37.0,Ordu,Ünye
40.75_37.25,Ordu,Fatsa
40.75_37.5,Ordu,Gürgentepe
40.75_37.75,Ordu,Altınordu
40.75_38.0,Giresun,Piraziz
40.75_38.25,Giresun,Bilinmiyor
40.75_38.5,Giresun,Yağlıdere
40.75_38.75,Giresun,Tirebolu
40.75_39.0,Giresun,Görele
40.75_39.25,Trabzon,Düzköy
40.75_39.5,Trabzon,Maçka
40.75_39.75,Trabzon,Yomra
40.75_40.0,Trabzon,Sürmene
40.75_40.25,Trabzon,Hayrat
40.75_40.5,Rize,Bilinmiyor
40.75_41.5,Artvin,Yusufeli
40.75_42.0,Erzurum,Olur
40.75_42.5,Ardahan,Göle
40.75_42.75,Ardahan,Göle
40.75_43.25,Kars,Arpaçay
40.75_43.5,Kars,Akyaka
41.0_26.25,Edirne,Meriç
41.0_26.5,Edirne,Uzunköprü
41.0_26.75,Tekirdağ,Hayrabolu
41.0_27.0,Tekirdağ,Hayrabolu
41.0_27.25,Tekirdağ,Süleymanpaşa
41.0_27.5,Tekirdağ,Muratlı
41.0_27.75,Tekirdağ,Çorlu
41.0_28.0,İstanbul,Silivri
41.0_28.25,İstanbul,Silivri
41.0_28.5,İstanbul,Arnavutköy
41.0_28.75,İstanbul,Sultangazi
41.0_29.0,İstanbul,Beykoz
41.0_29.25,İstanbul,Şile
41.0_29.5,İstanbul,Şile
41.0_29.75,İstanbul,Şile
41.0_30.0,Kocaeli,Kandıra
41.0_30.5,Sakarya,Karasu
41.0_31.0,Düzce,Akçakoca
41.0_31.25,Zonguldak,Alaplı
41.0_31.5,Zonguldak,Alaplı
41.0_31.75,Zonguldak,Devrek
41.0_32.75,Karabük,Ovacık
41.0_33.0,Kastamonu,Araç
41.0_33.25,Kastamonu,Araç
41.0_33.5,Kastamonu,İhsangazi
41.0_33.75,Kastamonu,Bilinmiyor
41.0_34.0,Kastamonu,Tosya
41.0_34.25,Çorum,Kargı
41.0_34.5,Çorum,Kargı
41.0_34.75,Çorum,Osmancık
41.0_35.0,Samsun,Vezirköprü
41.0_35.25,Samsun,Vezirköprü
41.0_35.5,Samsun,Havza
41.0_35.75,Samsun,Kavak
41.0_36.5,Samsun,Çarşamba
41.0_36.75,Samsun,Terme
41.0_37.0,Samsun,Terme
41.0_37.25,Ordu,Bilinmiyor
41.0_37.5,Ordu,Bilinmiyor
41.0_38.75,Giresun,Bilinmiyor
41.0_40.5,Rize,Bilinmiyor
41.0_40.75,Rize,Pazar
41.0_41.75,Artvin,Bilinmiyor
41.0_42.5,Ardahan,Bilinmiyor
41.0_43.0,Ardahan,Çıldır
41.0_43.25,Ardahan,Çıldır
41.0_43.5,Şirak,Ծաղկուտ
41.25_26.25,Περιφέρεια Ανατολικής Μακεδονίας και Θράκης,Meriç İli
41.25_26.5,Περιφέρεια Ανατολικής Μακεδονίας και Θράκης,Meriç İli
41.25_26.75,Edirne,Uzunköprü
41.25_27.0,Kırklareli,Babaeski
41.25_27.25,Kırklareli,Lüleburgaz
41.25_27.75,Tekirdağ,Kapaklı
41.25_28.0,İstanbul,Çatalca
41.25_28.25,İstanbul,Çatalca
41.25_28.5,İstanbul,Bilinmiyor
41.25_28.75,İstanbul,Bilinmiyor
41.25_31.5,Zonguldak,Ereğli
41.25_31.75,Zonguldak,Bilinmiyor
41.25_32.0,Zonguldak,Çaycuma
41.25_32.25,Bartın,Bilinmiyor
41.25_32.5,Bartın,Ulus
41.25_32.75,Karabük,Eflani
41.25_33.0,Karabük,Eflani
41.25_33.25,Kastamonu,Daday
41.25_33.75,Kastamonu,Bilinmiyor
41.25_34.0,Kastamonu,Taşköprü
41.25_34.5,Sinop,Boyabat
41.25_34.75,Sinop,Saraydüzü
41.25_35.0,Sinop,Durağan
41.25_35.25,Sinop,Durağan
41.25_35.5,Samsun,Bafra
41.25_35.75,Samsun,Bafra
41.25_36.0,Samsun,Atakum
41.25_36.25,Samsun,İlkadım
41.25_36.5,Samsun,Çarşamba
41.25_36.75,Samsun,Terme
41.25_41.25,Artvin,Hopa
41.25_41.5,Artvin,Borçka
41.25_42.25,Artvin,Şavşat
41.5_26.25,Περιφέρεια Ανατολικής Μακεδονίας και Θράκης,Meriç İli
41.5_26.5,Edirne,Bilinmiyor
41.5_26.75,Edirne,Havsa
41.5_27.0,Kırklareli,Bilinmiyor
41.5_27.25,Kırklareli,Pınarhisar
41.5_27.75,Kırklareli,Vize
41.5_32.0,Bartın,Bilinmiyor
41.5_32.25,Bartın,Bilinmiyor
41.5_32.5,Bartın,Ulus
41.5_32.75,Bartın,Ulus
41.5_33.75,Kastamonu,Devrekani
41.5_34.5,Sinop,Boyabat
41.5_34.75,Sinop,Boyabat
41.5_35.0,Sinop,Gerze
41.5_35.5,Samsun,Alaçam
41.5_36.0,Samsun,Bilinmiyor
41.5_42.25,Acara Özerk Cumhuriyeti,ხულოს მუნიციპალიტეტი
41.75_26.25,Hasköy (il),Bilinmiyor
41.75_26.75,Edirne,Lalapaşa
41.75_27.0,Kırklareli,Bilinmiyor
41.75_27.25,Kırklareli,Bilinmiyor
41.75_27.5,Kırklareli,Demirköy
41.75_27.75,Kırklareli,Demirköy
41.75_33.0,Kastamonu,Cide
41.75_33.25,Kastamonu,Azdavay
41.75_33.5,Kastamonu,Küre
41.75_33.75,Kastamonu,İnebolu
41.75_34.0,Kastamonu,Çatalzeytin
41.75_34.75,Sinop,Erfelek
41.75_35.0,Sinop,Gerze
42.0_26.75,Yambol (il),Bilinmiyor
42.0_27.0,Burgaz (il),Bilinmiyor
42.0_35.0,Sinop,Bilinmiyor
