province,population_density
Adana,161.1
Adıyaman,83.1
Afyonkarahisar,50.6
Ağrı,45.6
Amasya,58.8
Ankara,226.3
Antalya,126
Artvin,23
Aydın,143.5
Balıkesir,86.4
Bilecik,53
Bingöl,34.3
Bitlis,49.7
Bolu,38.4
Burdur,38.4
Bursa,289.2
Çanakkale,56
Çankırı,26.2
Çorum,41.1
Denizli,89
Diyarbakır,117.8
Edirne,67.6
Elazığ,63.4
Erzincan,20.2
Erzurum,29.9
Eskişehir,64.6
Gaziantep,311.2
Giresun,65.9
Gümüşhane,23.3
Hakkâri,38.8
Hatay,286.5
Isparta,50.2
Mersin,121.9
İstanbul,2980.2
İzmir,368.3
Kars,27.7
Kastamonu,28.5
Kayseri,83.8
Kırklareli,58.2
Kırşehir,37.2
Kocaeli,560.9
Konya,55.8
Kütahya,48.2
Malatya,66.8
Manisa,110.1
Kahramanmaraş,81
Mardin,98
Muğla,78.9
Muş,50.2
Nevşehir,57.1
Niğde,49.4
Ordu,127.8
Rize,88.1
Sakarya,217.4
Samsun,146.4
Siirt,60.7
Sinop,37.5
Sivas,22.3
Tekirdağ,175.6
Tokat,59.8
Trabzon,175.1
Tunceli,10.9
Şanlıurfa,110.8
Uşak,69.6
Van,58.8
Yozgat,29.7
Zonguldak,178.2
Aksaray,53.9
Bayburt,22.7
Karaman,29.2
Kırıkkale,60.4
Batman,134.4
Şırnak,76.4
Bartın,97
Ardahan,19.1
Iğdır,56.6
Yalova,342.2
Karabük,60.7
Kilis,102.1
Osmaniye,173
Düzce,154.6
